[debug] [2026-10-02T07:15:50.653Z] ----------------------------------------------------------------------
[debug] [2026-10-02T07:15:50.655Z] Command:       /opt/homebrew/Cellar/node/25.6.1_1/bin/node /Users/hasan/WorkStation/bji-dawati-brothers/node_modules/.bin/firebase emulators:start
[debug] [2026-10-02T07:15:50.656Z] CLI Version:   15.32.1
[debug] [2026-10-02T07:15:50.656Z] Platform:      darwin
[debug] [2026-10-02T07:15:50.656Z] Node Version:  v25.6.1
[debug] [2026-10-02T07:15:50.656Z] Detected Agent: antigravity
[debug] [2026-10-02T07:15:50.657Z] Time:          Fri Oct 02 2026 13:15:50 GMT+0600 (Bangladesh Standard Time)
[debug] [2026-10-02T07:15:50.658Z] ----------------------------------------------------------------------
[debug] 
[debug] [2026-10-02T07:15:50.676Z] >>> [apiv2][query] GET https://firebase-public.firebaseio.com/cli.json [none]
[debug] [2026-10-02T07:15:53.112Z] openjdk version "26.0.1" 2026-04-21

[debug] [2026-10-02T07:15:53.112Z] OpenJDK Runtime Environment Homebrew (build 26.0.1)
OpenJDK 64-Bit Server VM Homebrew (build 26.0.1, mixed mode, sharing)

[debug] [2026-10-02T07:15:53.119Z] Parsed Java major version: 26
[info] i  emulators: Starting emulators: auth, database {"metadata":{"emulator":{"name":"hub"},"message":"Starting emulators: auth, database"}}
[info] i  emulators: Detected demo project ID "demo-project", emulated services will use a demo configuration and attempts to access non-emulated services for this project will fail. {"metadata":{"emulator":{"name":"hub"},"message":"Detected demo project ID \"demo-project\", emulated services will use a demo configuration and attempts to access non-emulated services for this project will fail."}}
[debug] [2026-10-02T07:15:53.421Z] [logging] Logging Emulator only supports listening on one address (127.0.0.1). Not listening on ::1
[debug] [2026-10-02T07:15:53.421Z] [auth] Authentication Emulator only supports listening on one address (127.0.0.1). Not listening on ::1
[debug] [2026-10-02T07:15:53.421Z] [database] Database Emulator only supports listening on one address (127.0.0.1). Not listening on ::1
[debug] [2026-10-02T07:15:53.421Z] assigned listening specs for emulators {"user":{"hub":[{"address":"127.0.0.1","family":"IPv4","port":4400},{"address":"::1","family":"IPv6","port":4400}],"ui":[{"address":"127.0.0.1","family":"IPv4","port":4000},{"address":"::1","family":"IPv6","port":4000}],"logging":[{"address":"127.0.0.1","family":"IPv4","port":4500}],"auth":[{"address":"127.0.0.1","family":"IPv4","port":9099}],"database":[{"address":"127.0.0.1","family":"IPv4","port":9000}]},"metadata":{"message":"assigned listening specs for emulators"}}
[debug] [2026-10-02T07:15:53.426Z] Write emulator hub locator at /var/folders/ws/v1qjk73d3ylctk9_5f1_jyg00000gn/T/hub-demo-project.json
[debug] [2026-10-02T07:15:53.445Z] <<< [apiv2][status] GET https://firebase-public.firebaseio.com/cli.json 200
[debug] [2026-10-02T07:15:53.446Z] <<< [apiv2][body] GET https://firebase-public.firebaseio.com/cli.json {"cloudBuildErrorAfter":1594252800000,"cloudBuildWarnAfter":1590019200000,"defaultNode10After":1594252800000,"minVersion":"3.0.5","node8DeploysDisabledAfter":1613390400000,"node8RuntimeDisabledAfter":1615809600000,"node8WarnAfter":1600128000000}
[debug] [2026-10-02T07:15:53.492Z] Checked if tokens are valid: false, expires at: 1788383023784
[debug] [2026-10-02T07:15:53.493Z] Checked if tokens are valid: false, expires at: 1788383023784
[debug] [2026-10-02T07:15:53.493Z] > refreshing access token with scopes: []
[debug] [2026-10-02T07:15:53.494Z] >>> [apiv2][query] POST https://www.googleapis.com/oauth2/v3/token [none]
[debug] [2026-10-02T07:15:53.494Z] >>> [apiv2][body] POST https://www.googleapis.com/oauth2/v3/token [omitted]
[debug] [2026-10-02T07:15:53.718Z] <<< [apiv2][status] POST https://www.googleapis.com/oauth2/v3/token 200
[debug] [2026-10-02T07:15:53.718Z] <<< [apiv2][body] POST https://www.googleapis.com/oauth2/v3/token [omitted]
[debug] [2026-10-02T07:15:53.732Z] >>> [apiv2][query] GET https://firebase.googleapis.com/v1beta1/projects/demo-project [none]
[debug] [2026-10-02T07:15:54.283Z] <<< [apiv2][status] GET https://firebase.googleapis.com/v1beta1/projects/demo-project 403
[debug] [2026-10-02T07:15:54.284Z] <<< [apiv2][body] GET https://firebase.googleapis.com/v1beta1/projects/demo-project {"error":{"code":403,"message":"The caller does not have permission","status":"PERMISSION_DENIED"}}
[debug] [2026-10-02T07:15:54.285Z] Request to https://firebase.googleapis.com/v1beta1/projects/demo-project had HTTP Error: 403, The caller does not have permission
[debug] [2026-10-02T07:15:54.285Z] Failed to retrieve default database instance: Failed to get Firebase project demo-project. Please make sure the project exists and your account has permission to access it. {"metadata":{"emulator":{"name":"database"},"message":"Failed to retrieve default database instance: Failed to get Firebase project demo-project. Please make sure the project exists and your account has permission to access it."}}
[debug] [2026-10-02T07:15:54.287Z] database rules config:  []
[warn] ⚠  database: Did not find a Realtime Database rules file specified in a firebase.json config file. The emulator will default to allowing all reads and writes. Learn more about this option: https://firebase.google.com/docs/emulator-suite/install_and_configure#security_rules_configuration. {"metadata":{"emulator":{"name":"database"},"message":"Did not find a Realtime Database rules file specified in a firebase.json config file. The emulator will default to allowing all reads and writes. Learn more about this option: https://firebase.google.com/docs/emulator-suite/install_and_configure#security_rules_configuration."}}
[info] i  database: downloading firebase-database-emulator-v4.11.2.jar... {"metadata":{"emulator":{"name":"database"},"message":"downloading firebase-database-emulator-v4.11.2.jar..."}}
[debug] [2026-10-02T07:15:54.292Z] >>> [apiv2][query] GET https://storage.googleapis.com/firebase-preview-drop/emulator/firebase-database-emulator-v4.11.2.jar 
[debug] [2026-10-02T07:15:54.800Z] <<< [apiv2][status] GET https://storage.googleapis.com/firebase-preview-drop/emulator/firebase-database-emulator-v4.11.2.jar 200
[debug] [2026-10-02T07:15:54.800Z] <<< [apiv2][body] GET https://storage.googleapis.com/firebase-preview-drop/emulator/firebase-database-emulator-v4.11.2.jar [stream]
[debug] [2026-10-02T07:15:59.908Z] Ignoring unsupported arg: projectId {"metadata":{"emulator":{"name":"database"},"message":"Ignoring unsupported arg: projectId"}}
[debug] [2026-10-02T07:15:59.908Z] Ignoring unsupported arg: auto_download {"metadata":{"emulator":{"name":"database"},"message":"Ignoring unsupported arg: auto_download"}}
[debug] [2026-10-02T07:15:59.908Z] Ignoring unsupported arg: rules {"metadata":{"emulator":{"name":"database"},"message":"Ignoring unsupported arg: rules"}}
[debug] [2026-10-02T07:15:59.908Z] Starting Database Emulator with command {"binary":"java","args":["-Duser.language=en","-jar","/Users/hasan/.cache/firebase/emulators/firebase-database-emulator-v4.11.2.jar","--host","127.0.0.1","--port",9000,"--single_project_mode","Warning"],"optionalArgs":["port","host","functions_emulator_port","functions_emulator_host","single_project_mode"],"joinArgs":false,"shell":false,"port":9000} {"metadata":{"emulator":{"name":"database"},"message":"Starting Database Emulator with command {\"binary\":\"java\",\"args\":[\"-Duser.language=en\",\"-jar\",\"/Users/hasan/.cache/firebase/emulators/firebase-database-emulator-v4.11.2.jar\",\"--host\",\"127.0.0.1\",\"--port\",9000,\"--single_project_mode\",\"Warning\"],\"optionalArgs\":[\"port\",\"host\",\"functions_emulator_port\",\"functions_emulator_host\",\"single_project_mode\"],\"joinArgs\":false,\"shell\":false,\"port\":9000}"}}
[info] i  database: Database Emulator logging to database-debug.log {"metadata":{"emulator":{"name":"database"},"message":"Database Emulator logging to database-debug.log"}}
[debug] [2026-10-02T07:16:00.749Z] WARNING: A terminally deprecated method in sun.misc.Unsafe has been called
WARNING: sun.misc.Unsafe::objectFieldOffset has been called by akka.util.Unsafe (file:/Users/hasan/.cache/firebase/emulators/firebase-database-emulator-v4.11.2.jar)
WARNING: Please consider reporting this to the maintainers of class akka.util.Unsafe
WARNING: sun.misc.Unsafe::objectFieldOffset will be removed in a future release
 {"metadata":{"emulator":{"name":"database"},"message":"WARNING: A terminally deprecated method in sun.misc.Unsafe has been called\nWARNING: sun.misc.Unsafe::objectFieldOffset has been called by akka.util.Unsafe (file:/Users/hasan/.cache/firebase/emulators/firebase-database-emulator-v4.11.2.jar)\nWARNING: Please consider reporting this to the maintainers of class akka.util.Unsafe\nWARNING: sun.misc.Unsafe::objectFieldOffset will be removed in a future release\n"}}
[debug] [2026-10-02T07:16:00.806Z] 13:16:00.805 [NamespaceSystem-akka.actor.default-dispatcher-5] INFO akka.event.slf4j.Slf4jLogger - Slf4jLogger started
 {"metadata":{"emulator":{"name":"database"},"message":"13:16:00.805 [NamespaceSystem-akka.actor.default-dispatcher-5] INFO akka.event.slf4j.Slf4jLogger - Slf4jLogger started\n"}}
[debug] [2026-10-02T07:16:00.895Z] 13:16:00.894 [main] INFO com.firebase.server.forge.App$ - Listening at 127.0.0.1:9000
 {"metadata":{"emulator":{"name":"database"},"message":"13:16:00.894 [main] INFO com.firebase.server.forge.App$ - Listening at 127.0.0.1:9000\n"}}
[debug] [2026-10-02T07:16:04.997Z] Could not find VSCode notification endpoint: TypeError: fetch failed. If you are not running the Firebase SQL Connect VSCode extension, this is expected and not an issue.
[info] 
┌─────────────────────────────────────────────────────────────┐
│ ✔  All emulators ready! It is now safe to connect your app. │
│ i  View Emulator UI at http://127.0.0.1:4000/               │
└─────────────────────────────────────────────────────────────┘

┌────────────────┬────────────────┬────────────────────────────────┐
│ Emulator       │ Host:Port      │ View in Emulator UI            │
├────────────────┼────────────────┼────────────────────────────────┤
│ Authentication │ 127.0.0.1:9099 │ http://127.0.0.1:4000/auth     │
├────────────────┼────────────────┼────────────────────────────────┤
│ Database       │ 127.0.0.1:9000 │ http://127.0.0.1:4000/database │
└────────────────┴────────────────┴────────────────────────────────┘
  Emulator Hub host: 127.0.0.1 port: 4400
  Other reserved ports: 4500

Issues? Report them at https://github.com/firebase/firebase-tools/issues and attach the *-debug.log files.
 
[debug] [2026-10-02T09:10:49.149Z] 15:10:49.145 [NamespaceSystem-akka.actor.default-dispatcher-6] INFO com.firebase.core.namespace.NamespaceActor - demo-project-default-rtdb successfully activated FBKV (SurveyIdle(0)) wait: 148ms, init: 0ms
 {"metadata":{"emulator":{"name":"database"},"message":"15:10:49.145 [NamespaceSystem-akka.actor.default-dispatcher-6] INFO com.firebase.core.namespace.NamespaceActor - demo-project-default-rtdb successfully activated FBKV (SurveyIdle(0)) wait: 148ms, init: 0ms\n"}}
[debug] [2026-10-02T17:47:20.874Z] Received signal SIGHUP 1
[info]  
[info] i  emulators: Received SIGHUP for the first time. Starting a clean shutdown. 
[info] i  emulators: Please wait for a clean shutdown or send the SIGHUP signal again to stop right now. 
[debug] [2026-10-02T17:47:21.137Z] Error: write EPIPE
    at afterWriteDispatched (node:internal/stream_base_commons:159:15)
    at writeGeneric (node:internal/stream_base_commons:150:3)
    at Socket._writeGeneric (node:net:1025:11)
    at Socket._write (node:net:1037:8)
    at writeOrBuffer (node:internal/streams/writable:570:12)
    at _write (node:internal/streams/writable:499:10)
    at Writable.write (node:internal/streams/writable:508:10)
    at Console.log (/Users/hasan/WorkStation/bji-dawati-brothers/node_modules/winston/lib/winston/transports/console.js:87:23)
    at Console._write (/Users/hasan/WorkStation/bji-dawati-brothers/node_modules/winston-transport/modern.js:103:17)
    at doWrite (/Users/hasan/WorkStation/bji-dawati-brothers/node_modules/winston-transport/node_modules/readable-stream/lib/_stream_writable.js:390:139)
[error] 
[error] Error: An unexpected error has occurred.
[debug] [2026-10-02T17:47:21.144Z] Error: write EPIPE
    at afterWriteDispatched (node:internal/stream_base_commons:159:15)
    at writeGeneric (node:internal/stream_base_commons:150:3)
    at Socket._writeGeneric (node:net:1025:11)
    at Socket._write (node:net:1037:8)
    at writeOrBuffer (node:internal/streams/writable:570:12)
    at _write (node:internal/streams/writable:499:10)
    at Writable.write (node:internal/streams/writable:508:10)
    at Console.log (/Users/hasan/WorkStation/bji-dawati-brothers/node_modules/winston/lib/winston/transports/console.js:87:23)
    at Console._write (/Users/hasan/WorkStation/bji-dawati-brothers/node_modules/winston-transport/modern.js:103:17)
    at doWrite (/Users/hasan/WorkStation/bji-dawati-brothers/node_modules/winston-transport/node_modules/readable-stream/lib/_stream_writable.js:390:139)
[error] 
[error] Error: An unexpected error has occurred.
[debug] [2026-10-02T17:47:21.146Z] Error: write EPIPE
    at afterWriteDispatched (node:internal/stream_base_commons:159:15)
    at writeGeneric (node:internal/stream_base_commons:150:3)
    at Socket._writeGeneric (node:net:1025:11)
    at Socket._write (node:net:1037:8)
    at writeOrBuffer (node:internal/streams/writable:570:12)
    at _write (node:internal/streams/writable:499:10)
    at Writable.write (node:internal/streams/writable:508:10)
    at Console.log (/Users/hasan/WorkStation/bji-dawati-brothers/node_modules/winston/lib/winston/transports/console.js:87:23)
    at Console._write (/Users/hasan/WorkStation/bji-dawati-brothers/node_modules/winston-transport/modern.js:103:17)
    at doWrite (/Users/hasan/WorkStation/bji-dawati-brothers/node_modules/winston-transport/node_modules/readable-stream/lib/_stream_writable.js:390:139)
[error] 
[error] Error: An unexpected error has occurred.
[debug] [2026-10-02T17:47:21.147Z] Error: write EPIPE
    at afterWriteDispatched (node:internal/stream_base_commons:159:15)
    at writeGeneric (node:internal/stream_base_commons:150:3)
    at Socket._writeGeneric (node:net:1025:11)
    at Socket._write (node:net:1037:8)
    at writeOrBuffer (node:internal/streams/writable:570:12)
    at _write (node:internal/streams/writable:499:10)
    at Writable.write (node:internal/streams/writable:508:10)
    at Console.log (/Users/hasan/WorkStation/bji-dawati-brothers/node_modules/winston/lib/winston/transports/console.js:87:23)
    at Console._write (/Users/hasan/WorkStation/bji-dawati-brothers/node_modules/winston-transport/modern.js:103:17)
    at doWrite (/Users/hasan/WorkStation/bji-dawati-brothers/node_modules/winston-transport/node_modules/readable-stream/lib/_stream_writable.js:390:139)
[error] 
[error] Error: An unexpected error has occurred.
[debug] [2026-10-02T17:47:21.149Z] Error: write EPIPE
    at afterWriteDispatched (node:internal/stream_base_commons:159:15)
    at writeGeneric (node:internal/stream_base_commons:150:3)
    at Socket._writeGeneric (node:net:1025:11)
    at Socket._write (node:net:1037:8)
    at writeOrBuffer (node:internal/streams/writable:570:12)
    at _write (node:internal/streams/writable:499:10)
    at Writable.write (node:internal/streams/writable:508:10)
    at Console.log (/Users/hasan/WorkStation/bji-dawati-brothers/node_modules/winston/lib/winston/transports/console.js:87:23)
    at Console._write (/Users/hasan/WorkStation/bji-dawati-brothers/node_modules/winston-transport/modern.js:103:17)
    at doWrite (/Users/hasan/WorkStation/bji-dawati-brothers/node_modules/winston-transport/node_modules/readable-stream/lib/_stream_writable.js:390:139)
[error] 
[error] Error: An unexpected error has occurred.
[debug] [2026-10-02T17:47:21.151Z] Error: write EPIPE
    at afterWriteDispatched (node:internal/stream_base_commons:159:15)
    at writeGeneric (node:internal/stream_base_commons:150:3)
    at Socket._writeGeneric (node:net:1025:11)
    at Socket._write (node:net:1037:8)
    at writeOrBuffer (node:internal/streams/writable:570:12)
    at _write (node:internal/streams/writable:499:10)
    at Writable.write (node:internal/streams/writable:508:10)
    at Console.log (/Users/hasan/WorkStation/bji-dawati-brothers/node_modules/winston/lib/winston/transports/console.js:87:23)
    at Console._write (/Users/hasan/WorkStation/bji-dawati-brothers/node_modules/winston-transport/modern.js:103:17)
    at doWrite (/Users/hasan/WorkStation/bji-dawati-brothers/node_modules/winston-transport/node_modules/readable-stream/lib/_stream_writable.js:390:139)
[error] 
[error] Error: An unexpected error has occurred.
[debug] [2026-10-02T17:47:21.151Z] Error: write EPIPE
    at afterWriteDispatched (node:internal/stream_base_commons:159:15)
    at writeGeneric (node:internal/stream_base_commons:150:3)
    at Socket._writeGeneric (node:net:1025:11)
    at Socket._write (node:net:1037:8)
    at writeOrBuffer (node:internal/streams/writable:570:12)
    at _write (node:internal/streams/writable:499:10)
    at Writable.write (node:internal/streams/writable:508:10)
    at Console.log (/Users/hasan/WorkStation/bji-dawati-brothers/node_modules/winston/lib/winston/transports/console.js:87:23)
    at Console._write (/Users/hasan/WorkStation/bji-dawati-brothers/node_modules/winston-transport/modern.js:103:17)
    at doWrite (/Users/hasan/WorkStation/bji-dawati-brothers/node_modules/winston-transport/node_modules/readable-stream/lib/_stream_writable.js:390:139)
[error] 
[error] Error: An unexpected error has occurred.
[debug] [2026-10-02T17:47:21.152Z] Error: write EPIPE
    at afterWriteDispatched (node:internal/stream_base_commons:159:15)
    at writeGeneric (node:internal/stream_base_commons:150:3)
    at Socket._writeGeneric (node:net:1025:11)
    at Socket._write (node:net:1037:8)
    at writeOrBuffer (node:internal/streams/writable:570:12)
    at _write (node:internal/streams/writable:499:10)
    at Writable.write (node:internal/streams/writable:508:10)
    at Console.log (/Users/hasan/WorkStation/bji-dawati-brothers/node_modules/winston/lib/winston/transports/console.js:87:23)
    at Console._write (/Users/hasan/WorkStation/bji-dawati-brothers/node_modules/winston-transport/modern.js:103:17)
    at doWrite (/Users/hasan/WorkStation/bji-dawati-brothers/node_modules/winston-transport/node_modules/readable-stream/lib/_stream_writable.js:390:139)
[error] 
[error] Error: An unexpected error has occurred.
[debug] [2026-10-02T17:47:21.154Z] Error: write EPIPE
    at afterWriteDispatched (node:internal/stream_base_commons:159:15)
    at writeGeneric (node:internal/stream_base_commons:150:3)
    at Socket._writeGeneric (node:net:1025:11)
    at Socket._write (node:net:1037:8)
    at writeOrBuffer (node:internal/streams/writable:570:12)
    at _write (node:internal/streams/writable:499:10)
    at Writable.write (node:internal/streams/writable:508:10)
    at Console.log (/Users/hasan/WorkStation/bji-dawati-brothers/node_modules/winston/lib/winston/transports/console.js:87:23)
    at Console._write (/Users/hasan/WorkStation/bji-dawati-brothers/node_modules/winston-transport/modern.js:103:17)
    at doWrite (/Users/hasan/WorkStation/bji-dawati-brothers/node_modules/winston-transport/node_modules/readable-stream/lib/_stream_writable.js:390:139)
[error] 
[error] Error: An unexpected error has occurred.
[debug] [2026-10-02T17:47:21.154Z] Error: write EPIPE
    at afterWriteDispatched (node:internal/stream_base_commons:159:15)
    at writeGeneric (node:internal/stream_base_commons:150:3)
    at Socket._writeGeneric (node:net:1025:11)
    at Socket._write (node:net:1037:8)
    at writeOrBuffer (node:internal/streams/writable:570:12)
    at _write (node:internal/streams/writable:499:10)
    at Writable.write (node:internal/streams/writable:508:10)
    at Console.log (/Users/hasan/WorkStation/bji-dawati-brothers/node_modules/winston/lib/winston/transports/console.js:87:23)
    at Console._write (/Users/hasan/WorkStation/bji-dawati-brothers/node_modules/winston-transport/modern.js:103:17)
    at doWrite (/Users/hasan/WorkStation/bji-dawati-brothers/node_modules/winston-transport/node_modules/readable-stream/lib/_stream_writable.js:390:139)
[error] 
[error] Error: An unexpected error has occurred.
[debug] [2026-10-02T17:47:21.155Z] Error: write EPIPE
    at afterWriteDispatched (node:internal/stream_base_commons:159:15)
    at writeGeneric (node:internal/stream_base_commons:150:3)
    at Socket._writeGeneric (node:net:1025:11)
    at Socket._write (node:net:1037:8)
    at writeOrBuffer (node:internal/streams/writable:570:12)
    at _write (node:internal/streams/writable:499:10)
    at Writable.write (node:internal/streams/writable:508:10)
    at Console.log (/Users/hasan/WorkStation/bji-dawati-brothers/node_modules/winston/lib/winston/transports/console.js:87:23)
    at Console._write (/Users/hasan/WorkStation/bji-dawati-brothers/node_modules/winston-transport/modern.js:103:17)
    at doWrite (/Users/hasan/WorkStation/bji-dawati-brothers/node_modules/winston-transport/node_modules/readable-stream/lib/_stream_writable.js:390:139)
[error] 
[error] Error: An unexpected error has occurred.
[debug] [2026-10-02T17:47:21.156Z] Error: write EPIPE
    at afterWriteDispatched (node:internal/stream_base_commons:159:15)
    at writeGeneric (node:internal/stream_base_commons:150:3)
    at Socket._writeGeneric (node:net:1025:11)
    at Socket._write (node:net:1037:8)
    at writeOrBuffer (node:internal/streams/writable:570:12)
    at _write (node:internal/streams/writable:499:10)
    at Writable.write (node:internal/streams/writable:508:10)
    at Console.log (/Users/hasan/WorkStation/bji-dawati-brothers/node_modules/winston/lib/winston/transports/console.js:87:23)
    at Console._write (/Users/hasan/WorkStation/bji-dawati-brothers/node_modules/winston-transport/modern.js:103:17)
    at doWrite (/Users/hasan/WorkStation/bji-dawati-brothers/node_modules/winston-transport/node_modules/readable-stream/lib/_stream_writable.js:390:139)
[error] 
[error] Error: An unexpected error has occurred.
[debug] [2026-10-02T17:47:21.158Z] Error: write EPIPE
    at afterWriteDispatched (node:internal/stream_base_commons:159:15)
    at writeGeneric (node:internal/stream_base_commons:150:3)
    at Socket._writeGeneric (node:net:1025:11)
    at Socket._write (node:net:1037:8)
    at writeOrBuffer (node:internal/streams/writable:570:12)
    at _write (node:internal/streams/writable:499:10)
    at Writable.write (node:internal/streams/writable:508:10)
    at Console.log (/Users/hasan/WorkStation/bji-dawati-brothers/node_modules/winston/lib/winston/transports/console.js:87:23)
    at Console._write (/Users/hasan/WorkStation/bji-dawati-brothers/node_modules/winston-transport/modern.js:103:17)
    at doWrite (/Users/hasan/WorkStation/bji-dawati-brothers/node_modules/winston-transport/node_modules/readable-stream/lib/_stream_writable.js:390:139)
[error] 
[error] Error: An unexpected error has occurred.
[debug] [2026-10-02T17:47:21.158Z] Error: write EPIPE
    at afterWriteDispatched (node:internal/stream_base_commons:159:15)
    at writeGeneric (node:internal/stream_base_commons:150:3)
    at Socket._writeGeneric (node:net:1025:11)
    at Socket._write (node:net:1037:8)
    at writeOrBuffer (node:internal/streams/writable:570:12)
    at _write (node:internal/streams/writable:499:10)
    at Writable.write (node:internal/streams/writable:508:10)
    at Console.log (/Users/hasan/WorkStation/bji-dawati-brothers/node_modules/winston/lib/winston/transports/console.js:87:23)
    at Console._write (/Users/hasan/WorkStation/bji-dawati-brothers/node_modules/winston-transport/modern.js:103:17)
    at doWrite (/Users/hasan/WorkStation/bji-dawati-brothers/node_modules/winston-transport/node_modules/readable-stream/lib/_stream_writable.js:390:139)
[error] 
[error] Error: An unexpected error has occurred.
[debug] [2026-10-02T17:47:21.159Z] Error: write EPIPE
    at afterWriteDispatched (node:internal/stream_base_commons:159:15)
    at writeGeneric (node:internal/stream_base_commons:150:3)
    at Socket._writeGeneric (node:net:1025:11)
    at Socket._write (node:net:1037:8)
    at writeOrBuffer (node:internal/streams/writable:570:12)
    at _write (node:internal/streams/writable:499:10)
    at Writable.write (node:internal/streams/writable:508:10)
    at Console.log (/Users/hasan/WorkStation/bji-dawati-brothers/node_modules/winston/lib/winston/transports/console.js:87:23)
    at Console._write (/Users/hasan/WorkStation/bji-dawati-brothers/node_modules/winston-transport/modern.js:103:17)
    at doWrite (/Users/hasan/WorkStation/bji-dawati-brothers/node_modules/winston-transport/node_modules/readable-stream/lib/_stream_writable.js:390:139)
[error] 
[error] Error: An unexpected error has occurred.
[debug] [2026-10-02T17:47:21.159Z] Error: write EPIPE
    at afterWriteDispatched (node:internal/stream_base_commons:159:15)
    at writeGeneric (node:internal/stream_base_commons:150:3)
    at Socket._writeGeneric (node:net:1025:11)
    at Socket._write (node:net:1037:8)
    at writeOrBuffer (node:internal/streams/writable:570:12)
    at _write (node:internal/streams/writable:499:10)
    at Writable.write (node:internal/streams/writable:508:10)
    at Console.log (/Users/hasan/WorkStation/bji-dawati-brothers/node_modules/winston/lib/winston/transports/console.js:87:23)
    at Console._write (/Users/hasan/WorkStation/bji-dawati-brothers/node_modules/winston-transport/modern.js:103:17)
    at doWrite (/Users/hasan/WorkStation/bji-dawati-brothers/node_modules/winston-transport/node_modules/readable-stream/lib/_stream_writable.js:390:139)
[error] 
[error] Error: An unexpected error has occurred.
[debug] [2026-10-02T17:47:21.160Z] Error: write EPIPE
    at afterWriteDispatched (node:internal/stream_base_commons:159:15)
    at writeGeneric (node:internal/stream_base_commons:150:3)
    at Socket._writeGeneric (node:net:1025:11)
    at Socket._write (node:net:1037:8)
    at writeOrBuffer (node:internal/streams/writable:570:12)
    at _write (node:internal/streams/writable:499:10)
    at Writable.write (node:internal/streams/writable:508:10)
    at Console.log (/Users/hasan/WorkStation/bji-dawati-brothers/node_modules/winston/lib/winston/transports/console.js:87:23)
    at Console._write (/Users/hasan/WorkStation/bji-dawati-brothers/node_modules/winston-transport/modern.js:103:17)
    at doWrite (/Users/hasan/WorkStation/bji-dawati-brothers/node_modules/winston-transport/node_modules/readable-stream/lib/_stream_writable.js:390:139)
[error] 
[error] Error: An unexpected error has occurred.
[debug] [2026-10-02T17:47:21.160Z] Error: write EPIPE
    at afterWriteDispatched (node:internal/stream_base_commons:159:15)
    at writeGeneric (node:internal/stream_base_commons:150:3)
    at Socket._writeGeneric (node:net:1025:11)
    at Socket._write (node:net:1037:8)
    at writeOrBuffer (node:internal/streams/writable:570:12)
    at _write (node:internal/streams/writable:499:10)
    at Writable.write (node:internal/streams/writable:508:10)
    at Console.log (/Users/hasan/WorkStation/bji-dawati-brothers/node_modules/winston/lib/winston/transports/console.js:87:23)
    at Console._write (/Users/hasan/WorkStation/bji-dawati-brothers/node_modules/winston-transport/modern.js:103:17)
    at doWrite (/Users/hasan/WorkStation/bji-dawati-brothers/node_modules/winston-transport/node_modules/readable-stream/lib/_stream_writable.js:390:139)
[error] 
[error] Error: An unexpected error has occurred.
[debug] [2026-10-02T17:47:21.164Z] Error: write EPIPE
    at afterWriteDispatched (node:internal/stream_base_commons:159:15)
    at writeGeneric (node:internal/stream_base_commons:150:3)
    at Socket._writeGeneric (node:net:1025:11)
    at Socket._write (node:net:1037:8)
    at writeOrBuffer (node:internal/streams/writable:570:12)
    at _write (node:internal/streams/writable:499:10)
    at Writable.write (node:internal/streams/writable:508:10)
    at Console.log (/Users/hasan/WorkStation/bji-dawati-brothers/node_modules/winston/lib/winston/transports/console.js:87:23)
    at Console._write (/Users/hasan/WorkStation/bji-dawati-brothers/node_modules/winston-transport/modern.js:103:17)
    at doWrite (/Users/hasan/WorkStation/bji-dawati-brothers/node_modules/winston-transport/node_modules/readable-stream/lib/_stream_writable.js:390:139)
[error] 
[error] Error: An unexpected error has occurred.
[debug] [2026-10-02T17:47:21.243Z] Error: write EPIPE
    at afterWriteDispatched (node:internal/stream_base_commons:159:15)
    at writeGeneric (node:internal/stream_base_commons:150:3)
    at Socket._writeGeneric (node:net:1025:11)
    at Socket._write (node:net:1037:8)
    at writeOrBuffer (node:internal/streams/writable:570:12)
    at _write (node:internal/streams/writable:499:10)
    at Writable.write (node:internal/streams/writable:508:10)
    at Console.log (/Users/hasan/WorkStation/bji-dawati-brothers/node_modules/winston/lib/winston/transports/console.js:87:23)
    at Console._write (/Users/hasan/WorkStation/bji-dawati-brothers/node_modules/winston-transport/modern.js:103:17)
    at doWrite (/Users/hasan/WorkStation/bji-dawati-brothers/node_modules/winston-transport/node_modules/readable-stream/lib/_stream_writable.js:390:139)
[error] 
[error] Error: An unexpected error has occurred.
[debug] [2026-10-02T17:47:21.243Z] Error: write EPIPE
    at afterWriteDispatched (node:internal/stream_base_commons:159:15)
    at writeGeneric (node:internal/stream_base_commons:150:3)
    at Socket._writeGeneric (node:net:1025:11)
    at Socket._write (node:net:1037:8)
    at writeOrBuffer (node:internal/streams/writable:570:12)
    at _write (node:internal/streams/writable:499:10)
    at Writable.write (node:internal/streams/writable:508:10)
    at Console.log (/Users/hasan/WorkStation/bji-dawati-brothers/node_modules/winston/lib/winston/transports/console.js:87:23)
    at Console._write (/Users/hasan/WorkStation/bji-dawati-brothers/node_modules/winston-transport/modern.js:103:17)
    at doWrite (/Users/hasan/WorkStation/bji-dawati-brothers/node_modules/winston-transport/node_modules/readable-stream/lib/_stream_writable.js:390:139)
[error] 
[error] Error: An unexpected error has occurred.
[debug] [2026-10-02T17:47:21.245Z] Error: write EPIPE
    at afterWriteDispatched (node:internal/stream_base_commons:159:15)
    at writeGeneric (node:internal/stream_base_commons:150:3)
    at Socket._writeGeneric (node:net:1025:11)
    at Socket._write (node:net:1037:8)
    at writeOrBuffer (node:internal/streams/writable:570:12)
    at _write (node:internal/streams/writable:499:10)
    at Writable.write (node:internal/streams/writable:508:10)
    at Console.log (/Users/hasan/WorkStation/bji-dawati-brothers/node_modules/winston/lib/winston/transports/console.js:87:23)
    at Console._write (/Users/hasan/WorkStation/bji-dawati-brothers/node_modules/winston-transport/modern.js:103:17)
    at doWrite (/Users/hasan/WorkStation/bji-dawati-brothers/node_modules/winston-transport/node_modules/readable-stream/lib/_stream_writable.js:390:139)
[error] 
[error] Error: An unexpected error has occurred.
[debug] [2026-10-02T17:47:21.246Z] Error: write EPIPE
    at afterWriteDispatched (node:internal/stream_base_commons:159:15)
    at writeGeneric (node:internal/stream_base_commons:150:3)
    at Socket._writeGeneric (node:net:1025:11)
    at Socket._write (node:net:1037:8)
    at writeOrBuffer (node:internal/streams/writable:570:12)
    at _write (node:internal/streams/writable:499:10)
    at Writable.write (node:internal/streams/writable:508:10)
    at Console.log (/Users/hasan/WorkStation/bji-dawati-brothers/node_modules/winston/lib/winston/transports/console.js:87:23)
    at Console._write (/Users/hasan/WorkStation/bji-dawati-brothers/node_modules/winston-transport/modern.js:103:17)
    at doWrite (/Users/hasan/WorkStation/bji-dawati-brothers/node_modules/winston-transport/node_modules/readable-stream/lib/_stream_writable.js:390:139)
[error] 
[error] Error: An unexpected error has occurred.
[debug] [2026-10-02T17:47:21.248Z] Error: write EPIPE
    at afterWriteDispatched (node:internal/stream_base_commons:159:15)
    at writeGeneric (node:internal/stream_base_commons:150:3)
    at Socket._writeGeneric (node:net:1025:11)
    at Socket._write (node:net:1037:8)
    at writeOrBuffer (node:internal/streams/writable:570:12)
    at _write (node:internal/streams/writable:499:10)
    at Writable.write (node:internal/streams/writable:508:10)
    at Console.log (/Users/hasan/WorkStation/bji-dawati-brothers/node_modules/winston/lib/winston/transports/console.js:87:23)
    at Console._write (/Users/hasan/WorkStation/bji-dawati-brothers/node_modules/winston-transport/modern.js:103:17)
    at doWrite (/Users/hasan/WorkStation/bji-dawati-brothers/node_modules/winston-transport/node_modules/readable-stream/lib/_stream_writable.js:390:139)
[error] 
[error] Error: An unexpected error has occurred.
[debug] [2026-10-02T17:47:21.248Z] Error: write EPIPE
    at afterWriteDispatched (node:internal/stream_base_commons:159:15)
    at writeGeneric (node:internal/stream_base_commons:150:3)
    at Socket._writeGeneric (node:net:1025:11)
    at Socket._write (node:net:1037:8)
    at writeOrBuffer (node:internal/streams/writable:570:12)
    at _write (node:internal/streams/writable:499:10)
    at Writable.write (node:internal/streams/writable:508:10)
    at Console.log (/Users/hasan/WorkStation/bji-dawati-brothers/node_modules/winston/lib/winston/transports/console.js:87:23)
    at Console._write (/Users/hasan/WorkStation/bji-dawati-brothers/node_modules/winston-transport/modern.js:103:17)
    at doWrite (/Users/hasan/WorkStation/bji-dawati-brothers/node_modules/winston-transport/node_modules/readable-stream/lib/_stream_writable.js:390:139)
[error] 
[error] Error: An unexpected error has occurred.
[debug] [2026-10-02T17:47:21.248Z] Error: write EPIPE
    at afterWriteDispatched (node:internal/stream_base_commons:159:15)
    at writeGeneric (node:internal/stream_base_commons:150:3)
    at Socket._writeGeneric (node:net:1025:11)
    at Socket._write (node:net:1037:8)
    at writeOrBuffer (node:internal/streams/writable:570:12)
    at _write (node:internal/streams/writable:499:10)
    at Writable.write (node:internal/streams/writable:508:10)
    at Console.log (/Users/hasan/WorkStation/bji-dawati-brothers/node_modules/winston/lib/winston/transports/console.js:87:23)
    at Console._write (/Users/hasan/WorkStation/bji-dawati-brothers/node_modules/winston-transport/modern.js:103:17)
    at doWrite (/Users/hasan/WorkStation/bji-dawati-brothers/node_modules/winston-transport/node_modules/readable-stream/lib/_stream_writable.js:390:139)
[error] 
[error] Error: An unexpected error has occurred.
[debug] [2026-10-02T17:47:21.248Z] Error: write EPIPE
    at afterWriteDispatched (node:internal/stream_base_commons:159:15)
    at writeGeneric (node:internal/stream_base_commons:150:3)
    at Socket._writeGeneric (node:net:1025:11)
    at Socket._write (node:net:1037:8)
    at writeOrBuffer (node:internal/streams/writable:570:12)
    at _write (node:internal/streams/writable:499:10)
    at Writable.write (node:internal/streams/writable:508:10)
    at Console.log (/Users/hasan/WorkStation/bji-dawati-brothers/node_modules/winston/lib/winston/transports/console.js:87:23)
    at Console._write (/Users/hasan/WorkStation/bji-dawati-brothers/node_modules/winston-transport/modern.js:103:17)
    at doWrite (/Users/hasan/WorkStation/bji-dawati-brothers/node_modules/winston-transport/node_modules/readable-stream/lib/_stream_writable.js:390:139)
[error] 
[error] Error: An unexpected error has occurred.
[debug] [2026-10-02T17:47:21.248Z] Error: write EPIPE
    at afterWriteDispatched (node:internal/stream_base_commons:159:15)
    at writeGeneric (node:internal/stream_base_commons:150:3)
    at Socket._writeGeneric (node:net:1025:11)
    at Socket._write (node:net:1037:8)
    at writeOrBuffer (node:internal/streams/writable:570:12)
    at _write (node:internal/streams/writable:499:10)
    at Writable.write (node:internal/streams/writable:508:10)
    at Console.log (/Users/hasan/WorkStation/bji-dawati-brothers/node_modules/winston/lib/winston/transports/console.js:87:23)
    at Console._write (/Users/hasan/WorkStation/bji-dawati-brothers/node_modules/winston-transport/modern.js:103:17)
    at doWrite (/Users/hasan/WorkStation/bji-dawati-brothers/node_modules/winston-transport/node_modules/readable-stream/lib/_stream_writable.js:390:139)
[error] 
[error] Error: An unexpected error has occurred.
[debug] [2026-10-02T17:47:21.249Z] Error: write EPIPE
    at afterWriteDispatched (node:internal/stream_base_commons:159:15)
    at writeGeneric (node:internal/stream_base_commons:150:3)
    at Socket._writeGeneric (node:net:1025:11)
    at Socket._write (node:net:1037:8)
    at writeOrBuffer (node:internal/streams/writable:570:12)
    at _write (node:internal/streams/writable:499:10)
    at Writable.write (node:internal/streams/writable:508:10)
    at Console.log (/Users/hasan/WorkStation/bji-dawati-brothers/node_modules/winston/lib/winston/transports/console.js:87:23)
    at Console._write (/Users/hasan/WorkStation/bji-dawati-brothers/node_modules/winston-transport/modern.js:103:17)
    at doWrite (/Users/hasan/WorkStation/bji-dawati-brothers/node_modules/winston-transport/node_modules/readable-stream/lib/_stream_writable.js:390:139)
[error] 
[error] Error: An unexpected error has occurred.
[debug] [2026-10-02T17:47:21.249Z] Error: write EPIPE
    at afterWriteDispatched (node:internal/stream_base_commons:159:15)
    at writeGeneric (node:internal/stream_base_commons:150:3)
    at Socket._writeGeneric (node:net:1025:11)
    at Socket._write (node:net:1037:8)
    at writeOrBuffer (node:internal/streams/writable:570:12)
    at _write (node:internal/streams/writable:499:10)
    at Writable.write (node:internal/streams/writable:508:10)
    at Console.log (/Users/hasan/WorkStation/bji-dawati-brothers/node_modules/winston/lib/winston/transports/console.js:87:23)
    at Console._write (/Users/hasan/WorkStation/bji-dawati-brothers/node_modules/winston-transport/modern.js:103:17)
    at doWrite (/Users/hasan/WorkStation/bji-dawati-brothers/node_modules/winston-transport/node_modules/readable-stream/lib/_stream_writable.js:390:139)
[error] 
[error] Error: An unexpected error has occurred.
[debug] [2026-10-02T17:47:21.249Z] Error: write EPIPE
    at afterWriteDispatched (node:internal/stream_base_commons:159:15)
    at writeGeneric (node:internal/stream_base_commons:150:3)
    at Socket._writeGeneric (node:net:1025:11)
    at Socket._write (node:net:1037:8)
    at writeOrBuffer (node:internal/streams/writable:570:12)
    at _write (node:internal/streams/writable:499:10)
    at Writable.write (node:internal/streams/writable:508:10)
    at Console.log (/Users/hasan/WorkStation/bji-dawati-brothers/node_modules/winston/lib/winston/transports/console.js:87:23)
    at Console._write (/Users/hasan/WorkStation/bji-dawati-brothers/node_modules/winston-transport/modern.js:103:17)
    at doWrite (/Users/hasan/WorkStation/bji-dawati-brothers/node_modules/winston-transport/node_modules/readable-stream/lib/_stream_writable.js:390:139)
[error] 
[error] Error: An unexpected error has occurred.
[debug] [2026-10-02T17:47:21.250Z] Error: write EPIPE
    at afterWriteDispatched (node:internal/stream_base_commons:159:15)
    at writeGeneric (node:internal/stream_base_commons:150:3)
    at Socket._writeGeneric (node:net:1025:11)
    at Socket._write (node:net:1037:8)
    at writeOrBuffer (node:internal/streams/writable:570:12)
    at _write (node:internal/streams/writable:499:10)
    at Writable.write (node:internal/streams/writable:508:10)
    at Console.log (/Users/hasan/WorkStation/bji-dawati-brothers/node_modules/winston/lib/winston/transports/console.js:87:23)
    at Console._write (/Users/hasan/WorkStation/bji-dawati-brothers/node_modules/winston-transport/modern.js:103:17)
    at doWrite (/Users/hasan/WorkStation/bji-dawati-brothers/node_modules/winston-transport/node_modules/readable-stream/lib/_stream_writable.js:390:139)
[error] 
[error] Error: An unexpected error has occurred.
[debug] [2026-10-02T17:47:21.251Z] Error: write EPIPE
    at afterWriteDispatched (node:internal/stream_base_commons:159:15)
    at writeGeneric (node:internal/stream_base_commons:150:3)
    at Socket._writeGeneric (node:net:1025:11)
    at Socket._write (node:net:1037:8)
    at writeOrBuffer (node:internal/streams/writable:570:12)
    at _write (node:internal/streams/writable:499:10)
    at Writable.write (node:internal/streams/writable:508:10)
    at Console.log (/Users/hasan/WorkStation/bji-dawati-brothers/node_modules/winston/lib/winston/transports/console.js:87:23)
    at Console._write (/Users/hasan/WorkStation/bji-dawati-brothers/node_modules/winston-transport/modern.js:103:17)
    at doWrite (/Users/hasan/WorkStation/bji-dawati-brothers/node_modules/winston-transport/node_modules/readable-stream/lib/_stream_writable.js:390:139)
[error] 
[error] Error: An unexpected error has occurred.
[debug] [2026-10-02T17:47:21.251Z] Error: write EPIPE
    at afterWriteDispatched (node:internal/stream_base_commons:159:15)
    at writeGeneric (node:internal/stream_base_commons:150:3)
    at Socket._writeGeneric (node:net:1025:11)
    at Socket._write (node:net:1037:8)
    at writeOrBuffer (node:internal/streams/writable:570:12)
    at _write (node:internal/streams/writable:499:10)
    at Writable.write (node:internal/streams/writable:508:10)
    at Console.log (/Users/hasan/WorkStation/bji-dawati-brothers/node_modules/winston/lib/winston/transports/console.js:87:23)
    at Console._write (/Users/hasan/WorkStation/bji-dawati-brothers/node_modules/winston-transport/modern.js:103:17)
    at doWrite (/Users/hasan/WorkStation/bji-dawati-brothers/node_modules/winston-transport/node_modules/readable-stream/lib/_stream_writable.js:390:139)
[error] 
[error] Error: An unexpected error has occurred.
[debug] [2026-10-02T17:47:21.251Z] Error: write EPIPE
    at afterWriteDispatched (node:internal/stream_base_commons:159:15)
    at writeGeneric (node:internal/stream_base_commons:150:3)
    at Socket._writeGeneric (node:net:1025:11)
    at Socket._write (node:net:1037:8)
    at writeOrBuffer (node:internal/streams/writable:570:12)
    at _write (node:internal/streams/writable:499:10)
    at Writable.write (node:internal/streams/writable:508:10)
    at Console.log (/Users/hasan/WorkStation/bji-dawati-brothers/node_modules/winston/lib/winston/transports/console.js:87:23)
    at Console._write (/Users/hasan/WorkStation/bji-dawati-brothers/node_modules/winston-transport/modern.js:103:17)
    at doWrite (/Users/hasan/WorkStation/bji-dawati-brothers/node_modules/winston-transport/node_modules/readable-stream/lib/_stream_writable.js:390:139)
[error] 
[error] Error: An unexpected error has occurred.
[debug] [2026-10-02T17:47:21.251Z] Error: write EPIPE
    at afterWriteDispatched (node:internal/stream_base_commons:159:15)
    at writeGeneric (node:internal/stream_base_commons:150:3)
    at Socket._writeGeneric (node:net:1025:11)
    at Socket._write (node:net:1037:8)
    at writeOrBuffer (node:internal/streams/writable:570:12)
    at _write (node:internal/streams/writable:499:10)
    at Writable.write (node:internal/streams/writable:508:10)
    at Console.log (/Users/hasan/WorkStation/bji-dawati-brothers/node_modules/winston/lib/winston/transports/console.js:87:23)
    at Console._write (/Users/hasan/WorkStation/bji-dawati-brothers/node_modules/winston-transport/modern.js:103:17)
    at doWrite (/Users/hasan/WorkStation/bji-dawati-brothers/node_modules/winston-transport/node_modules/readable-stream/lib/_stream_writable.js:390:139)
[error] 
[error] Error: An unexpected error has occurred.
[debug] [2026-10-02T17:47:21.251Z] Error: write EPIPE
    at afterWriteDispatched (node:internal/stream_base_commons:159:15)
    at writeGeneric (node:internal/stream_base_commons:150:3)
    at Socket._writeGeneric (node:net:1025:11)
    at Socket._write (node:net:1037:8)
    at writeOrBuffer (node:internal/streams/writable:570:12)
    at _write (node:internal/streams/writable:499:10)
    at Writable.write (node:internal/streams/writable:508:10)
    at Console.log (/Users/hasan/WorkStation/bji-dawati-brothers/node_modules/winston/lib/winston/transports/console.js:87:23)
    at Console._write (/Users/hasan/WorkStation/bji-dawati-brothers/node_modules/winston-transport/modern.js:103:17)
    at doWrite (/Users/hasan/WorkStation/bji-dawati-brothers/node_modules/winston-transport/node_modules/readable-stream/lib/_stream_writable.js:390:139)
[error] 
[error] Error: An unexpected error has occurred.
[debug] [2026-10-02T17:47:21.252Z] Error: write EPIPE
    at afterWriteDispatched (node:internal/stream_base_commons:159:15)
    at writeGeneric (node:internal/stream_base_commons:150:3)
    at Socket._writeGeneric (node:net:1025:11)
    at Socket._write (node:net:1037:8)
    at writeOrBuffer (node:internal/streams/writable:570:12)
    at _write (node:internal/streams/writable:499:10)
    at Writable.write (node:internal/streams/writable:508:10)
    at Console.log (/Users/hasan/WorkStation/bji-dawati-brothers/node_modules/winston/lib/winston/transports/console.js:87:23)
    at Console._write (/Users/hasan/WorkStation/bji-dawati-brothers/node_modules/winston-transport/modern.js:103:17)
    at doWrite (/Users/hasan/WorkStation/bji-dawati-brothers/node_modules/winston-transport/node_modules/readable-stream/lib/_stream_writable.js:390:139)
[error] 
[error] Error: An unexpected error has occurred.
[debug] [2026-10-02T17:47:21.252Z] Error: write EPIPE
    at afterWriteDispatched (node:internal/stream_base_commons:159:15)
    at writeGeneric (node:internal/stream_base_commons:150:3)
    at Socket._writeGeneric (node:net:1025:11)
    at Socket._write (node:net:1037:8)
    at writeOrBuffer (node:internal/streams/writable:570:12)
    at _write (node:internal/streams/writable:499:10)
    at Writable.write (node:internal/streams/writable:508:10)
    at Console.log (/Users/hasan/WorkStation/bji-dawati-brothers/node_modules/winston/lib/winston/transports/console.js:87:23)
    at Console._write (/Users/hasan/WorkStation/bji-dawati-brothers/node_modules/winston-transport/modern.js:103:17)
    at doWrite (/Users/hasan/WorkStation/bji-dawati-brothers/node_modules/winston-transport/node_modules/readable-stream/lib/_stream_writable.js:390:139)
[error] 
[error] Error: An unexpected error has occurred.
[debug] [2026-10-02T17:47:21.252Z] Error: write EPIPE
    at afterWriteDispatched (node:internal/stream_base_commons:159:15)
    at writeGeneric (node:internal/stream_base_commons:150:3)
    at Socket._writeGeneric (node:net:1025:11)
    at Socket._write (node:net:1037:8)
    at writeOrBuffer (node:internal/streams/writable:570:12)
    at _write (node:internal/streams/writable:499:10)
    at Writable.write (node:internal/streams/writable:508:10)
    at Console.log (/Users/hasan/WorkStation/bji-dawati-brothers/node_modules/winston/lib/winston/transports/console.js:87:23)
    at Console._write (/Users/hasan/WorkStation/bji-dawati-brothers/node_modules/winston-transport/modern.js:103:17)
    at doWrite (/Users/hasan/WorkStation/bji-dawati-brothers/node_modules/winston-transport/node_modules/readable-stream/lib/_stream_writable.js:390:139)
[error] 
[error] Error: An unexpected error has occurred.
[debug] [2026-10-02T17:47:21.252Z] Error: write EPIPE
    at afterWriteDispatched (node:internal/stream_base_commons:159:15)
    at writeGeneric (node:internal/stream_base_commons:150:3)
    at Socket._writeGeneric (node:net:1025:11)
    at Socket._write (node:net:1037:8)
    at writeOrBuffer (node:internal/streams/writable:570:12)
    at _write (node:internal/streams/writable:499:10)
    at Writable.write (node:internal/streams/writable:508:10)
    at Console.log (/Users/hasan/WorkStation/bji-dawati-brothers/node_modules/winston/lib/winston/transports/console.js:87:23)
    at Console._write (/Users/hasan/WorkStation/bji-dawati-brothers/node_modules/winston-transport/modern.js:103:17)
    at doWrite (/Users/hasan/WorkStation/bji-dawati-brothers/node_modules/winston-transport/node_modules/readable-stream/lib/_stream_writable.js:390:139)
[error] 
[error] Error: An unexpected error has occurred.
[debug] [2026-10-02T17:47:21.252Z] Error: write EPIPE
    at afterWriteDispatched (node:internal/stream_base_commons:159:15)
    at writeGeneric (node:internal/stream_base_commons:150:3)
    at Socket._writeGeneric (node:net:1025:11)
    at Socket._write (node:net:1037:8)
    at writeOrBuffer (node:internal/streams/writable:570:12)
    at _write (node:internal/streams/writable:499:10)
    at Writable.write (node:internal/streams/writable:508:10)
    at Console.log (/Users/hasan/WorkStation/bji-dawati-brothers/node_modules/winston/lib/winston/transports/console.js:87:23)
    at Console._write (/Users/hasan/WorkStation/bji-dawati-brothers/node_modules/winston-transport/modern.js:103:17)
    at doWrite (/Users/hasan/WorkStation/bji-dawati-brothers/node_modules/winston-transport/node_modules/readable-stream/lib/_stream_writable.js:390:139)
[error] 
[error] Error: An unexpected error has occurred.
[debug] [2026-10-02T17:47:21.253Z] Error: write EPIPE
    at afterWriteDispatched (node:internal/stream_base_commons:159:15)
    at writeGeneric (node:internal/stream_base_commons:150:3)
    at Socket._writeGeneric (node:net:1025:11)
    at Socket._write (node:net:1037:8)
    at writeOrBuffer (node:internal/streams/writable:570:12)
    at _write (node:internal/streams/writable:499:10)
    at Writable.write (node:internal/streams/writable:508:10)
    at Console.log (/Users/hasan/WorkStation/bji-dawati-brothers/node_modules/winston/lib/winston/transports/console.js:87:23)
    at Console._write (/Users/hasan/WorkStation/bji-dawati-brothers/node_modules/winston-transport/modern.js:103:17)
    at doWrite (/Users/hasan/WorkStation/bji-dawati-brothers/node_modules/winston-transport/node_modules/readable-stream/lib/_stream_writable.js:390:139)
[error] 
[error] Error: An unexpected error has occurred.
[debug] [2026-10-02T17:47:21.253Z] Error: write EPIPE
    at afterWriteDispatched (node:internal/stream_base_commons:159:15)
    at writeGeneric (node:internal/stream_base_commons:150:3)
    at Socket._writeGeneric (node:net:1025:11)
    at Socket._write (node:net:1037:8)
    at writeOrBuffer (node:internal/streams/writable:570:12)
    at _write (node:internal/streams/writable:499:10)
    at Writable.write (node:internal/streams/writable:508:10)
    at Console.log (/Users/hasan/WorkStation/bji-dawati-brothers/node_modules/winston/lib/winston/transports/console.js:87:23)
    at Console._write (/Users/hasan/WorkStation/bji-dawati-brothers/node_modules/winston-transport/modern.js:103:17)
    at doWrite (/Users/hasan/WorkStation/bji-dawati-brothers/node_modules/winston-transport/node_modules/readable-stream/lib/_stream_writable.js:390:139)
[error] 
[error] Error: An unexpected error has occurred.
[debug] [2026-10-02T17:47:21.254Z] Error: write EPIPE
    at afterWriteDispatched (node:internal/stream_base_commons:159:15)
    at writeGeneric (node:internal/stream_base_commons:150:3)
    at Socket._writeGeneric (node:net:1025:11)
    at Socket._write (node:net:1037:8)
    at writeOrBuffer (node:internal/streams/writable:570:12)
    at _write (node:internal/streams/writable:499:10)
    at Writable.write (node:internal/streams/writable:508:10)
    at Console.log (/Users/hasan/WorkStation/bji-dawati-brothers/node_modules/winston/lib/winston/transports/console.js:87:23)
    at Console._write (/Users/hasan/WorkStation/bji-dawati-brothers/node_modules/winston-transport/modern.js:103:17)
    at doWrite (/Users/hasan/WorkStation/bji-dawati-brothers/node_modules/winston-transport/node_modules/readable-stream/lib/_stream_writable.js:390:139)
[error] 
[error] Error: An unexpected error has occurred.
[debug] [2026-10-02T17:47:21.275Z] Error: write EPIPE
    at afterWriteDispatched (node:internal/stream_base_commons:159:15)
    at writeGeneric (node:internal/stream_base_commons:150:3)
    at Socket._writeGeneric (node:net:1025:11)
    at Socket._write (node:net:1037:8)
    at writeOrBuffer (node:internal/streams/writable:570:12)
    at _write (node:internal/streams/writable:499:10)
    at Writable.write (node:internal/streams/writable:508:10)
    at Console.log (/Users/hasan/WorkStation/bji-dawati-brothers/node_modules/winston/lib/winston/transports/console.js:87:23)
    at Console._write (/Users/hasan/WorkStation/bji-dawati-brothers/node_modules/winston-transport/modern.js:103:17)
    at doWrite (/Users/hasan/WorkStation/bji-dawati-brothers/node_modules/winston-transport/node_modules/readable-stream/lib/_stream_writable.js:390:139)
[error] 
[error] Error: An unexpected error has occurred.
[debug] [2026-10-02T17:47:21.276Z] Error: write EPIPE
    at afterWriteDispatched (node:internal/stream_base_commons:159:15)
    at writeGeneric (node:internal/stream_base_commons:150:3)
    at Socket._writeGeneric (node:net:1025:11)
    at Socket._write (node:net:1037:8)
    at writeOrBuffer (node:internal/streams/writable:570:12)
    at _write (node:internal/streams/writable:499:10)
    at Writable.write (node:internal/streams/writable:508:10)
    at Console.log (/Users/hasan/WorkStation/bji-dawati-brothers/node_modules/winston/lib/winston/transports/console.js:87:23)
    at Console._write (/Users/hasan/WorkStation/bji-dawati-brothers/node_modules/winston-transport/modern.js:103:17)
    at doWrite (/Users/hasan/WorkStation/bji-dawati-brothers/node_modules/winston-transport/node_modules/readable-stream/lib/_stream_writable.js:390:139)
[error] 
[error] Error: An unexpected error has occurred.
[debug] [2026-10-02T17:47:21.276Z] Error: write EPIPE
    at afterWriteDispatched (node:internal/stream_base_commons:159:15)
    at writeGeneric (node:internal/stream_base_commons:150:3)
    at Socket._writeGeneric (node:net:1025:11)
    at Socket._write (node:net:1037:8)
    at writeOrBuffer (node:internal/streams/writable:570:12)
    at _write (node:internal/streams/writable:499:10)
    at Writable.write (node:internal/streams/writable:508:10)
    at Console.log (/Users/hasan/WorkStation/bji-dawati-brothers/node_modules/winston/lib/winston/transports/console.js:87:23)
    at Console._write (/Users/hasan/WorkStation/bji-dawati-brothers/node_modules/winston-transport/modern.js:103:17)
    at doWrite (/Users/hasan/WorkStation/bji-dawati-brothers/node_modules/winston-transport/node_modules/readable-stream/lib/_stream_writable.js:390:139)
[error] 
[error] Error: An unexpected error has occurred.
[debug] [2026-10-02T17:47:21.276Z] Error: write EPIPE
    at afterWriteDispatched (node:internal/stream_base_commons:159:15)
    at writeGeneric (node:internal/stream_base_commons:150:3)
    at Socket._writeGeneric (node:net:1025:11)
    at Socket._write (node:net:1037:8)
    at writeOrBuffer (node:internal/streams/writable:570:12)
    at _write (node:internal/streams/writable:499:10)
    at Writable.write (node:internal/streams/writable:508:10)
    at Console.log (/Users/hasan/WorkStation/bji-dawati-brothers/node_modules/winston/lib/winston/transports/console.js:87:23)
    at Console._write (/Users/hasan/WorkStation/bji-dawati-brothers/node_modules/winston-transport/modern.js:103:17)
    at doWrite (/Users/hasan/WorkStation/bji-dawati-brothers/node_modules/winston-transport/node_modules/readable-stream/lib/_stream_writable.js:390:139)
[error] 
[error] Error: An unexpected error has occurred.
[debug] [2026-10-02T17:47:21.276Z] Error: write EPIPE
    at afterWriteDispatched (node:internal/stream_base_commons:159:15)
    at writeGeneric (node:internal/stream_base_commons:150:3)
    at Socket._writeGeneric (node:net:1025:11)
    at Socket._write (node:net:1037:8)
    at writeOrBuffer (node:internal/streams/writable:570:12)
    at _write (node:internal/streams/writable:499:10)
    at Writable.write (node:internal/streams/writable:508:10)
    at Console.log (/Users/hasan/WorkStation/bji-dawati-brothers/node_modules/winston/lib/winston/transports/console.js:87:23)
    at Console._write (/Users/hasan/WorkStation/bji-dawati-brothers/node_modules/winston-transport/modern.js:103:17)
    at doWrite (/Users/hasan/WorkStation/bji-dawati-brothers/node_modules/winston-transport/node_modules/readable-stream/lib/_stream_writable.js:390:139)
[error] 
[error] Error: An unexpected error has occurred.
[debug] [2026-10-02T17:47:21.278Z] Error: write EPIPE
    at afterWriteDispatched (node:internal/stream_base_commons:159:15)
    at writeGeneric (node:internal/stream_base_commons:150:3)
    at Socket._writeGeneric (node:net:1025:11)
    at Socket._write (node:net:1037:8)
    at writeOrBuffer (node:internal/streams/writable:570:12)
    at _write (node:internal/streams/writable:499:10)
    at Writable.write (node:internal/streams/writable:508:10)
    at Console.log (/Users/hasan/WorkStation/bji-dawati-brothers/node_modules/winston/lib/winston/transports/console.js:87:23)
    at Console._write (/Users/hasan/WorkStation/bji-dawati-brothers/node_modules/winston-transport/modern.js:103:17)
    at doWrite (/Users/hasan/WorkStation/bji-dawati-brothers/node_modules/winston-transport/node_modules/readable-stream/lib/_stream_writable.js:390:139)
[error] 
[error] Error: An unexpected error has occurred.
[debug] [2026-10-02T17:47:21.279Z] Error: write EPIPE
    at afterWriteDispatched (node:internal/stream_base_commons:159:15)
    at writeGeneric (node:internal/stream_base_commons:150:3)
    at Socket._writeGeneric (node:net:1025:11)
    at Socket._write (node:net:1037:8)
    at writeOrBuffer (node:internal/streams/writable:570:12)
    at _write (node:internal/streams/writable:499:10)
    at Writable.write (node:internal/streams/writable:508:10)
    at Console.log (/Users/hasan/WorkStation/bji-dawati-brothers/node_modules/winston/lib/winston/transports/console.js:87:23)
    at Console._write (/Users/hasan/WorkStation/bji-dawati-brothers/node_modules/winston-transport/modern.js:103:17)
    at doWrite (/Users/hasan/WorkStation/bji-dawati-brothers/node_modules/winston-transport/node_modules/readable-stream/lib/_stream_writable.js:390:139)
[error] 
[error] Error: An unexpected error has occurred.
[debug] [2026-10-02T17:47:21.282Z] Error: write EPIPE
    at afterWriteDispatched (node:internal/stream_base_commons:159:15)
    at writeGeneric (node:internal/stream_base_commons:150:3)
    at Socket._writeGeneric (node:net:1025:11)
    at Socket._write (node:net:1037:8)
    at writeOrBuffer (node:internal/streams/writable:570:12)
    at _write (node:internal/streams/writable:499:10)
    at Writable.write (node:internal/streams/writable:508:10)
    at Console.log (/Users/hasan/WorkStation/bji-dawati-brothers/node_modules/winston/lib/winston/transports/console.js:87:23)
    at Console._write (/Users/hasan/WorkStation/bji-dawati-brothers/node_modules/winston-transport/modern.js:103:17)
    at doWrite (/Users/hasan/WorkStation/bji-dawati-brothers/node_modules/winston-transport/node_modules/readable-stream/lib/_stream_writable.js:390:139)
[error] 
[error] Error: An unexpected error has occurred.
[debug] [2026-10-02T17:47:21.283Z] Error: write EPIPE
    at afterWriteDispatched (node:internal/stream_base_commons:159:15)
    at writeGeneric (node:internal/stream_base_commons:150:3)
    at Socket._writeGeneric (node:net:1025:11)
    at Socket._write (node:net:1037:8)
    at writeOrBuffer (node:internal/streams/writable:570:12)
    at _write (node:internal/streams/writable:499:10)
    at Writable.write (node:internal/streams/writable:508:10)
    at Console.log (/Users/hasan/WorkStation/bji-dawati-brothers/node_modules/winston/lib/winston/transports/console.js:87:23)
    at Console._write (/Users/hasan/WorkStation/bji-dawati-brothers/node_modules/winston-transport/modern.js:103:17)
    at doWrite (/Users/hasan/WorkStation/bji-dawati-brothers/node_modules/winston-transport/node_modules/readable-stream/lib/_stream_writable.js:390:139)
[error] 
[error] Error: An unexpected error has occurred.
[debug] [2026-10-02T17:47:21.283Z] Error: write EPIPE
    at afterWriteDispatched (node:internal/stream_base_commons:159:15)
    at writeGeneric (node:internal/stream_base_commons:150:3)
    at Socket._writeGeneric (node:net:1025:11)
    at Socket._write (node:net:1037:8)
    at writeOrBuffer (node:internal/streams/writable:570:12)
    at _write (node:internal/streams/writable:499:10)
    at Writable.write (node:internal/streams/writable:508:10)
    at Console.log (/Users/hasan/WorkStation/bji-dawati-brothers/node_modules/winston/lib/winston/transports/console.js:87:23)
    at Console._write (/Users/hasan/WorkStation/bji-dawati-brothers/node_modules/winston-transport/modern.js:103:17)
    at doWrite (/Users/hasan/WorkStation/bji-dawati-brothers/node_modules/winston-transport/node_modules/readable-stream/lib/_stream_writable.js:390:139)
[error] 
[error] Error: An unexpected error has occurred.
[debug] [2026-10-02T17:47:21.283Z] Error: write EPIPE
    at afterWriteDispatched (node:internal/stream_base_commons:159:15)
    at writeGeneric (node:internal/stream_base_commons:150:3)
    at Socket._writeGeneric (node:net:1025:11)
    at Socket._write (node:net:1037:8)
    at writeOrBuffer (node:internal/streams/writable:570:12)
    at _write (node:internal/streams/writable:499:10)
    at Writable.write (node:internal/streams/writable:508:10)
    at Console.log (/Users/hasan/WorkStation/bji-dawati-brothers/node_modules/winston/lib/winston/transports/console.js:87:23)
    at Console._write (/Users/hasan/WorkStation/bji-dawati-brothers/node_modules/winston-transport/modern.js:103:17)
    at doWrite (/Users/hasan/WorkStation/bji-dawati-brothers/node_modules/winston-transport/node_modules/readable-stream/lib/_stream_writable.js:390:139)
[error] 
[error] Error: An unexpected error has occurred.
[debug] [2026-10-02T17:47:21.284Z] Error: write EPIPE
    at afterWriteDispatched (node:internal/stream_base_commons:159:15)
    at writeGeneric (node:internal/stream_base_commons:150:3)
    at Socket._writeGeneric (node:net:1025:11)
    at Socket._write (node:net:1037:8)
    at writeOrBuffer (node:internal/streams/writable:570:12)
    at _write (node:internal/streams/writable:499:10)
    at Writable.write (node:internal/streams/writable:508:10)
    at Console.log (/Users/hasan/WorkStation/bji-dawati-brothers/node_modules/winston/lib/winston/transports/console.js:87:23)
    at Console._write (/Users/hasan/WorkStation/bji-dawati-brothers/node_modules/winston-transport/modern.js:103:17)
    at doWrite (/Users/hasan/WorkStation/bji-dawati-brothers/node_modules/winston-transport/node_modules/readable-stream/lib/_stream_writable.js:390:139)
[error] 
[error] Error: An unexpected error has occurred.
[debug] [2026-10-02T17:47:21.284Z] Error: write EPIPE
    at afterWriteDispatched (node:internal/stream_base_commons:159:15)
    at writeGeneric (node:internal/stream_base_commons:150:3)
    at Socket._writeGeneric (node:net:1025:11)
    at Socket._write (node:net:1037:8)
    at writeOrBuffer (node:internal/streams/writable:570:12)
    at _write (node:internal/streams/writable:499:10)
    at Writable.write (node:internal/streams/writable:508:10)
    at Console.log (/Users/hasan/WorkStation/bji-dawati-brothers/node_modules/winston/lib/winston/transports/console.js:87:23)
    at Console._write (/Users/hasan/WorkStation/bji-dawati-brothers/node_modules/winston-transport/modern.js:103:17)
    at doWrite (/Users/hasan/WorkStation/bji-dawati-brothers/node_modules/winston-transport/node_modules/readable-stream/lib/_stream_writable.js:390:139)
[error] 
[error] Error: An unexpected error has occurred.
[debug] [2026-10-02T17:47:21.285Z] Error: write EPIPE
    at afterWriteDispatched (node:internal/stream_base_commons:159:15)
    at writeGeneric (node:internal/stream_base_commons:150:3)
    at Socket._writeGeneric (node:net:1025:11)
    at Socket._write (node:net:1037:8)
    at writeOrBuffer (node:internal/streams/writable:570:12)
    at _write (node:internal/streams/writable:499:10)
    at Writable.write (node:internal/streams/writable:508:10)
    at Console.log (/Users/hasan/WorkStation/bji-dawati-brothers/node_modules/winston/lib/winston/transports/console.js:87:23)
    at Console._write (/Users/hasan/WorkStation/bji-dawati-brothers/node_modules/winston-transport/modern.js:103:17)
    at doWrite (/Users/hasan/WorkStation/bji-dawati-brothers/node_modules/winston-transport/node_modules/readable-stream/lib/_stream_writable.js:390:139)
[error] 
[error] Error: An unexpected error has occurred.
[debug] [2026-10-02T17:47:21.286Z] Error: write EPIPE
    at afterWriteDispatched (node:internal/stream_base_commons:159:15)
    at writeGeneric (node:internal/stream_base_commons:150:3)
    at Socket._writeGeneric (node:net:1025:11)
    at Socket._write (node:net:1037:8)
    at writeOrBuffer (node:internal/streams/writable:570:12)
    at _write (node:internal/streams/writable:499:10)
    at Writable.write (node:internal/streams/writable:508:10)
    at Console.log (/Users/hasan/WorkStation/bji-dawati-brothers/node_modules/winston/lib/winston/transports/console.js:87:23)
    at Console._write (/Users/hasan/WorkStation/bji-dawati-brothers/node_modules/winston-transport/modern.js:103:17)
    at doWrite (/Users/hasan/WorkStation/bji-dawati-brothers/node_modules/winston-transport/node_modules/readable-stream/lib/_stream_writable.js:390:139)
[error] 
[error] Error: An unexpected error has occurred.
[debug] [2026-10-02T17:47:21.287Z] Error: write EPIPE
    at afterWriteDispatched (node:internal/stream_base_commons:159:15)
    at writeGeneric (node:internal/stream_base_commons:150:3)
    at Socket._writeGeneric (node:net:1025:11)
    at Socket._write (node:net:1037:8)
    at writeOrBuffer (node:internal/streams/writable:570:12)
    at _write (node:internal/streams/writable:499:10)
    at Writable.write (node:internal/streams/writable:508:10)
    at Console.log (/Users/hasan/WorkStation/bji-dawati-brothers/node_modules/winston/lib/winston/transports/console.js:87:23)
    at Console._write (/Users/hasan/WorkStation/bji-dawati-brothers/node_modules/winston-transport/modern.js:103:17)
    at doWrite (/Users/hasan/WorkStation/bji-dawati-brothers/node_modules/winston-transport/node_modules/readable-stream/lib/_stream_writable.js:390:139)
[error] 
[error] Error: An unexpected error has occurred.
[debug] [2026-10-02T17:47:21.288Z] Error: write EPIPE
    at afterWriteDispatched (node:internal/stream_base_commons:159:15)
    at writeGeneric (node:internal/stream_base_commons:150:3)
    at Socket._writeGeneric (node:net:1025:11)
    at Socket._write (node:net:1037:8)
    at writeOrBuffer (node:internal/streams/writable:570:12)
    at _write (node:internal/streams/writable:499:10)
    at Writable.write (node:internal/streams/writable:508:10)
    at Console.log (/Users/hasan/WorkStation/bji-dawati-brothers/node_modules/winston/lib/winston/transports/console.js:87:23)
    at Console._write (/Users/hasan/WorkStation/bji-dawati-brothers/node_modules/winston-transport/modern.js:103:17)
    at doWrite (/Users/hasan/WorkStation/bji-dawati-brothers/node_modules/winston-transport/node_modules/readable-stream/lib/_stream_writable.js:390:139)
[error] 
[error] Error: An unexpected error has occurred.
[debug] [2026-10-02T17:47:21.288Z] Error: write EPIPE
    at afterWriteDispatched (node:internal/stream_base_commons:159:15)
    at writeGeneric (node:internal/stream_base_commons:150:3)
    at Socket._writeGeneric (node:net:1025:11)
    at Socket._write (node:net:1037:8)
    at writeOrBuffer (node:internal/streams/writable:570:12)
    at _write (node:internal/streams/writable:499:10)
    at Writable.write (node:internal/streams/writable:508:10)
    at Console.log (/Users/hasan/WorkStation/bji-dawati-brothers/node_modules/winston/lib/winston/transports/console.js:87:23)
    at Console._write (/Users/hasan/WorkStation/bji-dawati-brothers/node_modules/winston-transport/modern.js:103:17)
    at doWrite (/Users/hasan/WorkStation/bji-dawati-brothers/node_modules/winston-transport/node_modules/readable-stream/lib/_stream_writable.js:390:139)
[error] 
[error] Error: An unexpected error has occurred.
[debug] [2026-10-02T17:47:21.289Z] Error: write EPIPE
    at afterWriteDispatched (node:internal/stream_base_commons:159:15)
    at writeGeneric (node:internal/stream_base_commons:150:3)
    at Socket._writeGeneric (node:net:1025:11)
    at Socket._write (node:net:1037:8)
    at writeOrBuffer (node:internal/streams/writable:570:12)
    at _write (node:internal/streams/writable:499:10)
    at Writable.write (node:internal/streams/writable:508:10)
    at Console.log (/Users/hasan/WorkStation/bji-dawati-brothers/node_modules/winston/lib/winston/transports/console.js:87:23)
    at Console._write (/Users/hasan/WorkStation/bji-dawati-brothers/node_modules/winston-transport/modern.js:103:17)
    at doWrite (/Users/hasan/WorkStation/bji-dawati-brothers/node_modules/winston-transport/node_modules/readable-stream/lib/_stream_writable.js:390:139)
[error] 
[error] Error: An unexpected error has occurred.
[debug] [2026-10-02T17:47:21.291Z] Error: write EPIPE
    at afterWriteDispatched (node:internal/stream_base_commons:159:15)
    at writeGeneric (node:internal/stream_base_commons:150:3)
    at Socket._writeGeneric (node:net:1025:11)
    at Socket._write (node:net:1037:8)
    at writeOrBuffer (node:internal/streams/writable:570:12)
    at _write (node:internal/streams/writable:499:10)
    at Writable.write (node:internal/streams/writable:508:10)
    at Console.log (/Users/hasan/WorkStation/bji-dawati-brothers/node_modules/winston/lib/winston/transports/console.js:87:23)
    at Console._write (/Users/hasan/WorkStation/bji-dawati-brothers/node_modules/winston-transport/modern.js:103:17)
    at doWrite (/Users/hasan/WorkStation/bji-dawati-brothers/node_modules/winston-transport/node_modules/readable-stream/lib/_stream_writable.js:390:139)
[error] 
[error] Error: An unexpected error has occurred.
[debug] [2026-10-02T17:47:21.292Z] Error: write EPIPE
    at afterWriteDispatched (node:internal/stream_base_commons:159:15)
    at writeGeneric (node:internal/stream_base_commons:150:3)
    at Socket._writeGeneric (node:net:1025:11)
    at Socket._write (node:net:1037:8)
    at writeOrBuffer (node:internal/streams/writable:570:12)
    at _write (node:internal/streams/writable:499:10)
    at Writable.write (node:internal/streams/writable:508:10)
    at Console.log (/Users/hasan/WorkStation/bji-dawati-brothers/node_modules/winston/lib/winston/transports/console.js:87:23)
    at Console._write (/Users/hasan/WorkStation/bji-dawati-brothers/node_modules/winston-transport/modern.js:103:17)
    at doWrite (/Users/hasan/WorkStation/bji-dawati-brothers/node_modules/winston-transport/node_modules/readable-stream/lib/_stream_writable.js:390:139)
[error] 
[error] Error: An unexpected error has occurred.
[debug] [2026-10-02T17:47:21.293Z] Error: write EPIPE
    at afterWriteDispatched (node:internal/stream_base_commons:159:15)
    at writeGeneric (node:internal/stream_base_commons:150:3)
    at Socket._writeGeneric (node:net:1025:11)
    at Socket._write (node:net:1037:8)
    at writeOrBuffer (node:internal/streams/writable:570:12)
    at _write (node:internal/streams/writable:499:10)
    at Writable.write (node:internal/streams/writable:508:10)
    at Console.log (/Users/hasan/WorkStation/bji-dawati-brothers/node_modules/winston/lib/winston/transports/console.js:87:23)
    at Console._write (/Users/hasan/WorkStation/bji-dawati-brothers/node_modules/winston-transport/modern.js:103:17)
    at doWrite (/Users/hasan/WorkStation/bji-dawati-brothers/node_modules/winston-transport/node_modules/readable-stream/lib/_stream_writable.js:390:139)
[error] 
[error] Error: An unexpected error has occurred.
[debug] [2026-10-02T17:47:21.293Z] Error: write EPIPE
    at afterWriteDispatched (node:internal/stream_base_commons:159:15)
    at writeGeneric (node:internal/stream_base_commons:150:3)
    at Socket._writeGeneric (node:net:1025:11)
    at Socket._write (node:net:1037:8)
    at writeOrBuffer (node:internal/streams/writable:570:12)
    at _write (node:internal/streams/writable:499:10)
    at Writable.write (node:internal/streams/writable:508:10)
    at Console.log (/Users/hasan/WorkStation/bji-dawati-brothers/node_modules/winston/lib/winston/transports/console.js:87:23)
    at Console._write (/Users/hasan/WorkStation/bji-dawati-brothers/node_modules/winston-transport/modern.js:103:17)
    at doWrite (/Users/hasan/WorkStation/bji-dawati-brothers/node_modules/winston-transport/node_modules/readable-stream/lib/_stream_writable.js:390:139)
[error] 
[error] Error: An unexpected error has occurred.
[debug] [2026-10-02T17:47:21.296Z] Error: write EPIPE
    at afterWriteDispatched (node:internal/stream_base_commons:159:15)
    at writeGeneric (node:internal/stream_base_commons:150:3)
    at Socket._writeGeneric (node:net:1025:11)
    at Socket._write (node:net:1037:8)
    at writeOrBuffer (node:internal/streams/writable:570:12)
    at _write (node:internal/streams/writable:499:10)
    at Writable.write (node:internal/streams/writable:508:10)
    at Console.log (/Users/hasan/WorkStation/bji-dawati-brothers/node_modules/winston/lib/winston/transports/console.js:87:23)
    at Console._write (/Users/hasan/WorkStation/bji-dawati-brothers/node_modules/winston-transport/modern.js:103:17)
    at doWrite (/Users/hasan/WorkStation/bji-dawati-brothers/node_modules/winston-transport/node_modules/readable-stream/lib/_stream_writable.js:390:139)
[error] 
[error] Error: An unexpected error has occurred.
[debug] [2026-10-02T17:47:21.296Z] Error: write EPIPE
    at afterWriteDispatched (node:internal/stream_base_commons:159:15)
    at writeGeneric (node:internal/stream_base_commons:150:3)
    at Socket._writeGeneric (node:net:1025:11)
    at Socket._write (node:net:1037:8)
    at writeOrBuffer (node:internal/streams/writable:570:12)
    at _write (node:internal/streams/writable:499:10)
    at Writable.write (node:internal/streams/writable:508:10)
    at Console.log (/Users/hasan/WorkStation/bji-dawati-brothers/node_modules/winston/lib/winston/transports/console.js:87:23)
    at Console._write (/Users/hasan/WorkStation/bji-dawati-brothers/node_modules/winston-transport/modern.js:103:17)
    at doWrite (/Users/hasan/WorkStation/bji-dawati-brothers/node_modules/winston-transport/node_modules/readable-stream/lib/_stream_writable.js:390:139)
[error] 
[error] Error: An unexpected error has occurred.
[debug] [2026-10-02T17:47:21.296Z] Error: write EPIPE
    at afterWriteDispatched (node:internal/stream_base_commons:159:15)
    at writeGeneric (node:internal/stream_base_commons:150:3)
    at Socket._writeGeneric (node:net:1025:11)
    at Socket._write (node:net:1037:8)
    at writeOrBuffer (node:internal/streams/writable:570:12)
    at _write (node:internal/streams/writable:499:10)
    at Writable.write (node:internal/streams/writable:508:10)
    at Console.log (/Users/hasan/WorkStation/bji-dawati-brothers/node_modules/winston/lib/winston/transports/console.js:87:23)
    at Console._write (/Users/hasan/WorkStation/bji-dawati-brothers/node_modules/winston-transport/modern.js:103:17)
    at doWrite (/Users/hasan/WorkStation/bji-dawati-brothers/node_modules/winston-transport/node_modules/readable-stream/lib/_stream_writable.js:390:139)
[error] 
[error] Error: An unexpected error has occurred.
[debug] [2026-10-02T17:47:21.297Z] Error: write EPIPE
    at afterWriteDispatched (node:internal/stream_base_commons:159:15)
    at writeGeneric (node:internal/stream_base_commons:150:3)
    at Socket._writeGeneric (node:net:1025:11)
    at Socket._write (node:net:1037:8)
    at writeOrBuffer (node:internal/streams/writable:570:12)
    at _write (node:internal/streams/writable:499:10)
    at Writable.write (node:internal/streams/writable:508:10)
    at Console.log (/Users/hasan/WorkStation/bji-dawati-brothers/node_modules/winston/lib/winston/transports/console.js:87:23)
    at Console._write (/Users/hasan/WorkStation/bji-dawati-brothers/node_modules/winston-transport/modern.js:103:17)
    at doWrite (/Users/hasan/WorkStation/bji-dawati-brothers/node_modules/winston-transport/node_modules/readable-stream/lib/_stream_writable.js:390:139)
[error] 
[error] Error: An unexpected error has occurred.
[debug] [2026-10-02T17:47:21.327Z] Error: write EPIPE
    at afterWriteDispatched (node:internal/stream_base_commons:159:15)
    at writeGeneric (node:internal/stream_base_commons:150:3)
    at Socket._writeGeneric (node:net:1025:11)
    at Socket._write (node:net:1037:8)
    at writeOrBuffer (node:internal/streams/writable:570:12)
    at _write (node:internal/streams/writable:499:10)
    at Writable.write (node:internal/streams/writable:508:10)
    at Console.log (/Users/hasan/WorkStation/bji-dawati-brothers/node_modules/winston/lib/winston/transports/console.js:87:23)
    at Console._write (/Users/hasan/WorkStation/bji-dawati-brothers/node_modules/winston-transport/modern.js:103:17)
    at doWrite (/Users/hasan/WorkStation/bji-dawati-brothers/node_modules/winston-transport/node_modules/readable-stream/lib/_stream_writable.js:390:139)
[error] 
[error] Error: An unexpected error has occurred.
[debug] [2026-10-02T17:47:21.329Z] Error: write EPIPE
    at afterWriteDispatched (node:internal/stream_base_commons:159:15)
    at writeGeneric (node:internal/stream_base_commons:150:3)
    at Socket._writeGeneric (node:net:1025:11)
    at Socket._write (node:net:1037:8)
    at writeOrBuffer (node:internal/streams/writable:570:12)
    at _write (node:internal/streams/writable:499:10)
    at Writable.write (node:internal/streams/writable:508:10)
    at Console.log (/Users/hasan/WorkStation/bji-dawati-brothers/node_modules/winston/lib/winston/transports/console.js:87:23)
    at Console._write (/Users/hasan/WorkStation/bji-dawati-brothers/node_modules/winston-transport/modern.js:103:17)
    at doWrite (/Users/hasan/WorkStation/bji-dawati-brothers/node_modules/winston-transport/node_modules/readable-stream/lib/_stream_writable.js:390:139)
[error] 
[error] Error: An unexpected error has occurred.
[debug] [2026-10-02T17:47:21.330Z] Error: write EPIPE
    at afterWriteDispatched (node:internal/stream_base_commons:159:15)
    at writeGeneric (node:internal/stream_base_commons:150:3)
    at Socket._writeGeneric (node:net:1025:11)
    at Socket._write (node:net:1037:8)
    at writeOrBuffer (node:internal/streams/writable:570:12)
    at _write (node:internal/streams/writable:499:10)
    at Writable.write (node:internal/streams/writable:508:10)
    at Console.log (/Users/hasan/WorkStation/bji-dawati-brothers/node_modules/winston/lib/winston/transports/console.js:87:23)
    at Console._write (/Users/hasan/WorkStation/bji-dawati-brothers/node_modules/winston-transport/modern.js:103:17)
    at doWrite (/Users/hasan/WorkStation/bji-dawati-brothers/node_modules/winston-transport/node_modules/readable-stream/lib/_stream_writable.js:390:139)
[error] 
[error] Error: An unexpected error has occurred.
[debug] [2026-10-02T17:47:21.330Z] Error: write EPIPE
    at afterWriteDispatched (node:internal/stream_base_commons:159:15)
    at writeGeneric (node:internal/stream_base_commons:150:3)
    at Socket._writeGeneric (node:net:1025:11)
    at Socket._write (node:net:1037:8)
    at writeOrBuffer (node:internal/streams/writable:570:12)
    at _write (node:internal/streams/writable:499:10)
    at Writable.write (node:internal/streams/writable:508:10)
    at Console.log (/Users/hasan/WorkStation/bji-dawati-brothers/node_modules/winston/lib/winston/transports/console.js:87:23)
    at Console._write (/Users/hasan/WorkStation/bji-dawati-brothers/node_modules/winston-transport/modern.js:103:17)
    at doWrite (/Users/hasan/WorkStation/bji-dawati-brothers/node_modules/winston-transport/node_modules/readable-stream/lib/_stream_writable.js:390:139)
[error] 
[error] Error: An unexpected error has occurred.
[debug] [2026-10-02T17:47:21.330Z] Error: write EPIPE
    at afterWriteDispatched (node:internal/stream_base_commons:159:15)
    at writeGeneric (node:internal/stream_base_commons:150:3)
    at Socket._writeGeneric (node:net:1025:11)
    at Socket._write (node:net:1037:8)
    at writeOrBuffer (node:internal/streams/writable:570:12)
    at _write (node:internal/streams/writable:499:10)
    at Writable.write (node:internal/streams/writable:508:10)
    at Console.log (/Users/hasan/WorkStation/bji-dawati-brothers/node_modules/winston/lib/winston/transports/console.js:87:23)
    at Console._write (/Users/hasan/WorkStation/bji-dawati-brothers/node_modules/winston-transport/modern.js:103:17)
    at doWrite (/Users/hasan/WorkStation/bji-dawati-brothers/node_modules/winston-transport/node_modules/readable-stream/lib/_stream_writable.js:390:139)
[error] 
[error] Error: An unexpected error has occurred.
[debug] [2026-10-02T17:47:21.330Z] Error: write EPIPE
    at afterWriteDispatched (node:internal/stream_base_commons:159:15)
    at writeGeneric (node:internal/stream_base_commons:150:3)
    at Socket._writeGeneric (node:net:1025:11)
    at Socket._write (node:net:1037:8)
    at writeOrBuffer (node:internal/streams/writable:570:12)
    at _write (node:internal/streams/writable:499:10)
    at Writable.write (node:internal/streams/writable:508:10)
    at Console.log (/Users/hasan/WorkStation/bji-dawati-brothers/node_modules/winston/lib/winston/transports/console.js:87:23)
    at Console._write (/Users/hasan/WorkStation/bji-dawati-brothers/node_modules/winston-transport/modern.js:103:17)
    at doWrite (/Users/hasan/WorkStation/bji-dawati-brothers/node_modules/winston-transport/node_modules/readable-stream/lib/_stream_writable.js:390:139)
[error] 
[error] Error: An unexpected error has occurred.
[debug] [2026-10-02T17:47:21.330Z] Error: write EPIPE
    at afterWriteDispatched (node:internal/stream_base_commons:159:15)
    at writeGeneric (node:internal/stream_base_commons:150:3)
    at Socket._writeGeneric (node:net:1025:11)
    at Socket._write (node:net:1037:8)
    at writeOrBuffer (node:internal/streams/writable:570:12)
    at _write (node:internal/streams/writable:499:10)
    at Writable.write (node:internal/streams/writable:508:10)
    at Console.log (/Users/hasan/WorkStation/bji-dawati-brothers/node_modules/winston/lib/winston/transports/console.js:87:23)
    at Console._write (/Users/hasan/WorkStation/bji-dawati-brothers/node_modules/winston-transport/modern.js:103:17)
    at doWrite (/Users/hasan/WorkStation/bji-dawati-brothers/node_modules/winston-transport/node_modules/readable-stream/lib/_stream_writable.js:390:139)
[error] 
[error] Error: An unexpected error has occurred.
[debug] [2026-10-02T17:47:21.330Z] Error: write EPIPE
    at afterWriteDispatched (node:internal/stream_base_commons:159:15)
    at writeGeneric (node:internal/stream_base_commons:150:3)
    at Socket._writeGeneric (node:net:1025:11)
    at Socket._write (node:net:1037:8)
    at writeOrBuffer (node:internal/streams/writable:570:12)
    at _write (node:internal/streams/writable:499:10)
    at Writable.write (node:internal/streams/writable:508:10)
    at Console.log (/Users/hasan/WorkStation/bji-dawati-brothers/node_modules/winston/lib/winston/transports/console.js:87:23)
    at Console._write (/Users/hasan/WorkStation/bji-dawati-brothers/node_modules/winston-transport/modern.js:103:17)
    at doWrite (/Users/hasan/WorkStation/bji-dawati-brothers/node_modules/winston-transport/node_modules/readable-stream/lib/_stream_writable.js:390:139)
[error] 
[error] Error: An unexpected error has occurred.
[debug] [2026-10-02T17:47:21.330Z] Error: write EPIPE
    at afterWriteDispatched (node:internal/stream_base_commons:159:15)
    at writeGeneric (node:internal/stream_base_commons:150:3)
    at Socket._writeGeneric (node:net:1025:11)
    at Socket._write (node:net:1037:8)
    at writeOrBuffer (node:internal/streams/writable:570:12)
    at _write (node:internal/streams/writable:499:10)
    at Writable.write (node:internal/streams/writable:508:10)
    at Console.log (/Users/hasan/WorkStation/bji-dawati-brothers/node_modules/winston/lib/winston/transports/console.js:87:23)
    at Console._write (/Users/hasan/WorkStation/bji-dawati-brothers/node_modules/winston-transport/modern.js:103:17)
    at doWrite (/Users/hasan/WorkStation/bji-dawati-brothers/node_modules/winston-transport/node_modules/readable-stream/lib/_stream_writable.js:390:139)
[error] 
[error] Error: An unexpected error has occurred.
[debug] [2026-10-02T17:47:21.330Z] Error: write EPIPE
    at afterWriteDispatched (node:internal/stream_base_commons:159:15)
    at writeGeneric (node:internal/stream_base_commons:150:3)
    at Socket._writeGeneric (node:net:1025:11)
    at Socket._write (node:net:1037:8)
    at writeOrBuffer (node:internal/streams/writable:570:12)
    at _write (node:internal/streams/writable:499:10)
    at Writable.write (node:internal/streams/writable:508:10)
    at Console.log (/Users/hasan/WorkStation/bji-dawati-brothers/node_modules/winston/lib/winston/transports/console.js:87:23)
    at Console._write (/Users/hasan/WorkStation/bji-dawati-brothers/node_modules/winston-transport/modern.js:103:17)
    at doWrite (/Users/hasan/WorkStation/bji-dawati-brothers/node_modules/winston-transport/node_modules/readable-stream/lib/_stream_writable.js:390:139)
[error] 
[error] Error: An unexpected error has occurred.
[debug] [2026-10-02T17:47:21.330Z] Error: write EPIPE
    at afterWriteDispatched (node:internal/stream_base_commons:159:15)
    at writeGeneric (node:internal/stream_base_commons:150:3)
    at Socket._writeGeneric (node:net:1025:11)
    at Socket._write (node:net:1037:8)
    at writeOrBuffer (node:internal/streams/writable:570:12)
    at _write (node:internal/streams/writable:499:10)
    at Writable.write (node:internal/streams/writable:508:10)
    at Console.log (/Users/hasan/WorkStation/bji-dawati-brothers/node_modules/winston/lib/winston/transports/console.js:87:23)
    at Console._write (/Users/hasan/WorkStation/bji-dawati-brothers/node_modules/winston-transport/modern.js:103:17)
    at doWrite (/Users/hasan/WorkStation/bji-dawati-brothers/node_modules/winston-transport/node_modules/readable-stream/lib/_stream_writable.js:390:139)
[error] 
[error] Error: An unexpected error has occurred.
[debug] [2026-10-02T17:47:21.331Z] Error: write EPIPE
    at afterWriteDispatched (node:internal/stream_base_commons:159:15)
    at writeGeneric (node:internal/stream_base_commons:150:3)
    at Socket._writeGeneric (node:net:1025:11)
    at Socket._write (node:net:1037:8)
    at writeOrBuffer (node:internal/streams/writable:570:12)
    at _write (node:internal/streams/writable:499:10)
    at Writable.write (node:internal/streams/writable:508:10)
    at Console.log (/Users/hasan/WorkStation/bji-dawati-brothers/node_modules/winston/lib/winston/transports/console.js:87:23)
    at Console._write (/Users/hasan/WorkStation/bji-dawati-brothers/node_modules/winston-transport/modern.js:103:17)
    at doWrite (/Users/hasan/WorkStation/bji-dawati-brothers/node_modules/winston-transport/node_modules/readable-stream/lib/_stream_writable.js:390:139)
[error] 
[error] Error: An unexpected error has occurred.
[debug] [2026-10-02T17:47:21.331Z] Error: write EPIPE
    at afterWriteDispatched (node:internal/stream_base_commons:159:15)
    at writeGeneric (node:internal/stream_base_commons:150:3)
    at Socket._writeGeneric (node:net:1025:11)
    at Socket._write (node:net:1037:8)
    at writeOrBuffer (node:internal/streams/writable:570:12)
    at _write (node:internal/streams/writable:499:10)
    at Writable.write (node:internal/streams/writable:508:10)
    at Console.log (/Users/hasan/WorkStation/bji-dawati-brothers/node_modules/winston/lib/winston/transports/console.js:87:23)
    at Console._write (/Users/hasan/WorkStation/bji-dawati-brothers/node_modules/winston-transport/modern.js:103:17)
    at doWrite (/Users/hasan/WorkStation/bji-dawati-brothers/node_modules/winston-transport/node_modules/readable-stream/lib/_stream_writable.js:390:139)
[error] 
[error] Error: An unexpected error has occurred.
[debug] [2026-10-02T17:47:21.331Z] Error: write EPIPE
    at afterWriteDispatched (node:internal/stream_base_commons:159:15)
    at writeGeneric (node:internal/stream_base_commons:150:3)
    at Socket._writeGeneric (node:net:1025:11)
    at Socket._write (node:net:1037:8)
    at writeOrBuffer (node:internal/streams/writable:570:12)
    at _write (node:internal/streams/writable:499:10)
    at Writable.write (node:internal/streams/writable:508:10)
    at Console.log (/Users/hasan/WorkStation/bji-dawati-brothers/node_modules/winston/lib/winston/transports/console.js:87:23)
    at Console._write (/Users/hasan/WorkStation/bji-dawati-brothers/node_modules/winston-transport/modern.js:103:17)
    at doWrite (/Users/hasan/WorkStation/bji-dawati-brothers/node_modules/winston-transport/node_modules/readable-stream/lib/_stream_writable.js:390:139)
[error] 
[error] Error: An unexpected error has occurred.
[debug] [2026-10-02T17:47:21.331Z] Error: write EPIPE
    at afterWriteDispatched (node:internal/stream_base_commons:159:15)
    at writeGeneric (node:internal/stream_base_commons:150:3)
    at Socket._writeGeneric (node:net:1025:11)
    at Socket._write (node:net:1037:8)
    at writeOrBuffer (node:internal/streams/writable:570:12)
    at _write (node:internal/streams/writable:499:10)
    at Writable.write (node:internal/streams/writable:508:10)
    at Console.log (/Users/hasan/WorkStation/bji-dawati-brothers/node_modules/winston/lib/winston/transports/console.js:87:23)
    at Console._write (/Users/hasan/WorkStation/bji-dawati-brothers/node_modules/winston-transport/modern.js:103:17)
    at doWrite (/Users/hasan/WorkStation/bji-dawati-brothers/node_modules/winston-transport/node_modules/readable-stream/lib/_stream_writable.js:390:139)
[error] 
[error] Error: An unexpected error has occurred.
[debug] [2026-10-02T17:47:21.331Z] Error: write EPIPE
    at afterWriteDispatched (node:internal/stream_base_commons:159:15)
    at writeGeneric (node:internal/stream_base_commons:150:3)
    at Socket._writeGeneric (node:net:1025:11)
    at Socket._write (node:net:1037:8)
    at writeOrBuffer (node:internal/streams/writable:570:12)
    at _write (node:internal/streams/writable:499:10)
    at Writable.write (node:internal/streams/writable:508:10)
    at Console.log (/Users/hasan/WorkStation/bji-dawati-brothers/node_modules/winston/lib/winston/transports/console.js:87:23)
    at Console._write (/Users/hasan/WorkStation/bji-dawati-brothers/node_modules/winston-transport/modern.js:103:17)
    at doWrite (/Users/hasan/WorkStation/bji-dawati-brothers/node_modules/winston-transport/node_modules/readable-stream/lib/_stream_writable.js:390:139)
[error] 
[error] Error: An unexpected error has occurred.
[debug] [2026-10-02T17:47:21.331Z] Error: write EPIPE
    at afterWriteDispatched (node:internal/stream_base_commons:159:15)
    at writeGeneric (node:internal/stream_base_commons:150:3)
    at Socket._writeGeneric (node:net:1025:11)
    at Socket._write (node:net:1037:8)
    at writeOrBuffer (node:internal/streams/writable:570:12)
    at _write (node:internal/streams/writable:499:10)
    at Writable.write (node:internal/streams/writable:508:10)
    at Console.log (/Users/hasan/WorkStation/bji-dawati-brothers/node_modules/winston/lib/winston/transports/console.js:87:23)
    at Console._write (/Users/hasan/WorkStation/bji-dawati-brothers/node_modules/winston-transport/modern.js:103:17)
    at doWrite (/Users/hasan/WorkStation/bji-dawati-brothers/node_modules/winston-transport/node_modules/readable-stream/lib/_stream_writable.js:390:139)
[error] 
[error] Error: An unexpected error has occurred.
[debug] [2026-10-02T17:47:21.332Z] Error: write EPIPE
    at afterWriteDispatched (node:internal/stream_base_commons:159:15)
    at writeGeneric (node:internal/stream_base_commons:150:3)
    at Socket._writeGeneric (node:net:1025:11)
    at Socket._write (node:net:1037:8)
    at writeOrBuffer (node:internal/streams/writable:570:12)
    at _write (node:internal/streams/writable:499:10)
    at Writable.write (node:internal/streams/writable:508:10)
    at Console.log (/Users/hasan/WorkStation/bji-dawati-brothers/node_modules/winston/lib/winston/transports/console.js:87:23)
    at Console._write (/Users/hasan/WorkStation/bji-dawati-brothers/node_modules/winston-transport/modern.js:103:17)
    at doWrite (/Users/hasan/WorkStation/bji-dawati-brothers/node_modules/winston-transport/node_modules/readable-stream/lib/_stream_writable.js:390:139)
[error] 
[error] Error: An unexpected error has occurred.
[debug] [2026-10-02T17:47:21.332Z] Error: write EPIPE
    at afterWriteDispatched (node:internal/stream_base_commons:159:15)
    at writeGeneric (node:internal/stream_base_commons:150:3)
    at Socket._writeGeneric (node:net:1025:11)
    at Socket._write (node:net:1037:8)
    at writeOrBuffer (node:internal/streams/writable:570:12)
    at _write (node:internal/streams/writable:499:10)
    at Writable.write (node:internal/streams/writable:508:10)
    at Console.log (/Users/hasan/WorkStation/bji-dawati-brothers/node_modules/winston/lib/winston/transports/console.js:87:23)
    at Console._write (/Users/hasan/WorkStation/bji-dawati-brothers/node_modules/winston-transport/modern.js:103:17)
    at doWrite (/Users/hasan/WorkStation/bji-dawati-brothers/node_modules/winston-transport/node_modules/readable-stream/lib/_stream_writable.js:390:139)
[error] 
[error] Error: An unexpected error has occurred.
[debug] [2026-10-02T17:47:21.332Z] Error: write EPIPE
    at afterWriteDispatched (node:internal/stream_base_commons:159:15)
    at writeGeneric (node:internal/stream_base_commons:150:3)
    at Socket._writeGeneric (node:net:1025:11)
    at Socket._write (node:net:1037:8)
    at writeOrBuffer (node:internal/streams/writable:570:12)
    at _write (node:internal/streams/writable:499:10)
    at Writable.write (node:internal/streams/writable:508:10)
    at Console.log (/Users/hasan/WorkStation/bji-dawati-brothers/node_modules/winston/lib/winston/transports/console.js:87:23)
    at Console._write (/Users/hasan/WorkStation/bji-dawati-brothers/node_modules/winston-transport/modern.js:103:17)
    at doWrite (/Users/hasan/WorkStation/bji-dawati-brothers/node_modules/winston-transport/node_modules/readable-stream/lib/_stream_writable.js:390:139)
[error] 
[error] Error: An unexpected error has occurred.
[debug] [2026-10-02T17:47:21.333Z] Error: write EPIPE
    at afterWriteDispatched (node:internal/stream_base_commons:159:15)
    at writeGeneric (node:internal/stream_base_commons:150:3)
    at Socket._writeGeneric (node:net:1025:11)
    at Socket._write (node:net:1037:8)
    at writeOrBuffer (node:internal/streams/writable:570:12)
    at _write (node:internal/streams/writable:499:10)
    at Writable.write (node:internal/streams/writable:508:10)
    at Console.log (/Users/hasan/WorkStation/bji-dawati-brothers/node_modules/winston/lib/winston/transports/console.js:87:23)
    at Console._write (/Users/hasan/WorkStation/bji-dawati-brothers/node_modules/winston-transport/modern.js:103:17)
    at doWrite (/Users/hasan/WorkStation/bji-dawati-brothers/node_modules/winston-transport/node_modules/readable-stream/lib/_stream_writable.js:390:139)
[error] 
[error] Error: An unexpected error has occurred.
[debug] [2026-10-02T17:47:21.333Z] Error: write EPIPE
    at afterWriteDispatched (node:internal/stream_base_commons:159:15)
    at writeGeneric (node:internal/stream_base_commons:150:3)
    at Socket._writeGeneric (node:net:1025:11)
    at Socket._write (node:net:1037:8)
    at writeOrBuffer (node:internal/streams/writable:570:12)
    at _write (node:internal/streams/writable:499:10)
    at Writable.write (node:internal/streams/writable:508:10)
    at Console.log (/Users/hasan/WorkStation/bji-dawati-brothers/node_modules/winston/lib/winston/transports/console.js:87:23)
    at Console._write (/Users/hasan/WorkStation/bji-dawati-brothers/node_modules/winston-transport/modern.js:103:17)
    at doWrite (/Users/hasan/WorkStation/bji-dawati-brothers/node_modules/winston-transport/node_modules/readable-stream/lib/_stream_writable.js:390:139)
[error] 
[error] Error: An unexpected error has occurred.
[debug] [2026-10-02T17:47:21.336Z] Error: write EPIPE
    at afterWriteDispatched (node:internal/stream_base_commons:159:15)
    at writeGeneric (node:internal/stream_base_commons:150:3)
    at Socket._writeGeneric (node:net:1025:11)
    at Socket._write (node:net:1037:8)
    at writeOrBuffer (node:internal/streams/writable:570:12)
    at _write (node:internal/streams/writable:499:10)
    at Writable.write (node:internal/streams/writable:508:10)
    at Console.log (/Users/hasan/WorkStation/bji-dawati-brothers/node_modules/winston/lib/winston/transports/console.js:87:23)
    at Console._write (/Users/hasan/WorkStation/bji-dawati-brothers/node_modules/winston-transport/modern.js:103:17)
    at doWrite (/Users/hasan/WorkStation/bji-dawati-brothers/node_modules/winston-transport/node_modules/readable-stream/lib/_stream_writable.js:390:139)
[error] 
[error] Error: An unexpected error has occurred.
[debug] [2026-10-02T17:47:21.336Z] Error: write EPIPE
    at afterWriteDispatched (node:internal/stream_base_commons:159:15)
    at writeGeneric (node:internal/stream_base_commons:150:3)
    at Socket._writeGeneric (node:net:1025:11)
    at Socket._write (node:net:1037:8)
    at writeOrBuffer (node:internal/streams/writable:570:12)
    at _write (node:internal/streams/writable:499:10)
    at Writable.write (node:internal/streams/writable:508:10)
    at Console.log (/Users/hasan/WorkStation/bji-dawati-brothers/node_modules/winston/lib/winston/transports/console.js:87:23)
    at Console._write (/Users/hasan/WorkStation/bji-dawati-brothers/node_modules/winston-transport/modern.js:103:17)
    at doWrite (/Users/hasan/WorkStation/bji-dawati-brothers/node_modules/winston-transport/node_modules/readable-stream/lib/_stream_writable.js:390:139)
[error] 
[error] Error: An unexpected error has occurred.
[debug] [2026-10-02T17:47:21.336Z] Error: write EPIPE
    at afterWriteDispatched (node:internal/stream_base_commons:159:15)
    at writeGeneric (node:internal/stream_base_commons:150:3)
    at Socket._writeGeneric (node:net:1025:11)
    at Socket._write (node:net:1037:8)
    at writeOrBuffer (node:internal/streams/writable:570:12)
    at _write (node:internal/streams/writable:499:10)
    at Writable.write (node:internal/streams/writable:508:10)
    at Console.log (/Users/hasan/WorkStation/bji-dawati-brothers/node_modules/winston/lib/winston/transports/console.js:87:23)
    at Console._write (/Users/hasan/WorkStation/bji-dawati-brothers/node_modules/winston-transport/modern.js:103:17)
    at doWrite (/Users/hasan/WorkStation/bji-dawati-brothers/node_modules/winston-transport/node_modules/readable-stream/lib/_stream_writable.js:390:139)
[error] 
[error] Error: An unexpected error has occurred.
[debug] [2026-10-02T17:47:21.336Z] Error: write EPIPE
    at afterWriteDispatched (node:internal/stream_base_commons:159:15)
    at writeGeneric (node:internal/stream_base_commons:150:3)
    at Socket._writeGeneric (node:net:1025:11)
    at Socket._write (node:net:1037:8)
    at writeOrBuffer (node:internal/streams/writable:570:12)
    at _write (node:internal/streams/writable:499:10)
    at Writable.write (node:internal/streams/writable:508:10)
    at Console.log (/Users/hasan/WorkStation/bji-dawati-brothers/node_modules/winston/lib/winston/transports/console.js:87:23)
    at Console._write (/Users/hasan/WorkStation/bji-dawati-brothers/node_modules/winston-transport/modern.js:103:17)
    at doWrite (/Users/hasan/WorkStation/bji-dawati-brothers/node_modules/winston-transport/node_modules/readable-stream/lib/_stream_writable.js:390:139)
[error] 
[error] Error: An unexpected error has occurred.
[debug] [2026-10-02T17:47:21.336Z] Error: write EPIPE
    at afterWriteDispatched (node:internal/stream_base_commons:159:15)
    at writeGeneric (node:internal/stream_base_commons:150:3)
    at Socket._writeGeneric (node:net:1025:11)
    at Socket._write (node:net:1037:8)
    at writeOrBuffer (node:internal/streams/writable:570:12)
    at _write (node:internal/streams/writable:499:10)
    at Writable.write (node:internal/streams/writable:508:10)
    at Console.log (/Users/hasan/WorkStation/bji-dawati-brothers/node_modules/winston/lib/winston/transports/console.js:87:23)
    at Console._write (/Users/hasan/WorkStation/bji-dawati-brothers/node_modules/winston-transport/modern.js:103:17)
    at doWrite (/Users/hasan/WorkStation/bji-dawati-brothers/node_modules/winston-transport/node_modules/readable-stream/lib/_stream_writable.js:390:139)
[error] 
[error] Error: An unexpected error has occurred.
[debug] [2026-10-02T17:47:21.336Z] Error: write EPIPE
    at afterWriteDispatched (node:internal/stream_base_commons:159:15)
    at writeGeneric (node:internal/stream_base_commons:150:3)
    at Socket._writeGeneric (node:net:1025:11)
    at Socket._write (node:net:1037:8)
    at writeOrBuffer (node:internal/streams/writable:570:12)
    at _write (node:internal/streams/writable:499:10)
    at Writable.write (node:internal/streams/writable:508:10)
    at Console.log (/Users/hasan/WorkStation/bji-dawati-brothers/node_modules/winston/lib/winston/transports/console.js:87:23)
    at Console._write (/Users/hasan/WorkStation/bji-dawati-brothers/node_modules/winston-transport/modern.js:103:17)
    at doWrite (/Users/hasan/WorkStation/bji-dawati-brothers/node_modules/winston-transport/node_modules/readable-stream/lib/_stream_writable.js:390:139)
[error] 
[error] Error: An unexpected error has occurred.
[debug] [2026-10-02T17:47:21.337Z] Error: write EPIPE
    at afterWriteDispatched (node:internal/stream_base_commons:159:15)
    at writeGeneric (node:internal/stream_base_commons:150:3)
    at Socket._writeGeneric (node:net:1025:11)
    at Socket._write (node:net:1037:8)
    at writeOrBuffer (node:internal/streams/writable:570:12)
    at _write (node:internal/streams/writable:499:10)
    at Writable.write (node:internal/streams/writable:508:10)
    at Console.log (/Users/hasan/WorkStation/bji-dawati-brothers/node_modules/winston/lib/winston/transports/console.js:87:23)
    at Console._write (/Users/hasan/WorkStation/bji-dawati-brothers/node_modules/winston-transport/modern.js:103:17)
    at doWrite (/Users/hasan/WorkStation/bji-dawati-brothers/node_modules/winston-transport/node_modules/readable-stream/lib/_stream_writable.js:390:139)
[error] 
[error] Error: An unexpected error has occurred.
[debug] [2026-10-02T17:47:21.337Z] Error: write EPIPE
    at afterWriteDispatched (node:internal/stream_base_commons:159:15)
    at writeGeneric (node:internal/stream_base_commons:150:3)
    at Socket._writeGeneric (node:net:1025:11)
    at Socket._write (node:net:1037:8)
    at writeOrBuffer (node:internal/streams/writable:570:12)
    at _write (node:internal/streams/writable:499:10)
    at Writable.write (node:internal/streams/writable:508:10)
    at Console.log (/Users/hasan/WorkStation/bji-dawati-brothers/node_modules/winston/lib/winston/transports/console.js:87:23)
    at Console._write (/Users/hasan/WorkStation/bji-dawati-brothers/node_modules/winston-transport/modern.js:103:17)
    at doWrite (/Users/hasan/WorkStation/bji-dawati-brothers/node_modules/winston-transport/node_modules/readable-stream/lib/_stream_writable.js:390:139)
[error] 
[error] Error: An unexpected error has occurred.
[debug] [2026-10-02T17:47:21.337Z] Error: write EPIPE
    at afterWriteDispatched (node:internal/stream_base_commons:159:15)
    at writeGeneric (node:internal/stream_base_commons:150:3)
    at Socket._writeGeneric (node:net:1025:11)
    at Socket._write (node:net:1037:8)
    at writeOrBuffer (node:internal/streams/writable:570:12)
    at _write (node:internal/streams/writable:499:10)
    at Writable.write (node:internal/streams/writable:508:10)
    at Console.log (/Users/hasan/WorkStation/bji-dawati-brothers/node_modules/winston/lib/winston/transports/console.js:87:23)
    at Console._write (/Users/hasan/WorkStation/bji-dawati-brothers/node_modules/winston-transport/modern.js:103:17)
    at doWrite (/Users/hasan/WorkStation/bji-dawati-brothers/node_modules/winston-transport/node_modules/readable-stream/lib/_stream_writable.js:390:139)
[error] 
[error] Error: An unexpected error has occurred.
[debug] [2026-10-02T17:47:21.337Z] Error: write EPIPE
    at afterWriteDispatched (node:internal/stream_base_commons:159:15)
    at writeGeneric (node:internal/stream_base_commons:150:3)
    at Socket._writeGeneric (node:net:1025:11)
    at Socket._write (node:net:1037:8)
    at writeOrBuffer (node:internal/streams/writable:570:12)
    at _write (node:internal/streams/writable:499:10)
    at Writable.write (node:internal/streams/writable:508:10)
    at Console.log (/Users/hasan/WorkStation/bji-dawati-brothers/node_modules/winston/lib/winston/transports/console.js:87:23)
    at Console._write (/Users/hasan/WorkStation/bji-dawati-brothers/node_modules/winston-transport/modern.js:103:17)
    at doWrite (/Users/hasan/WorkStation/bji-dawati-brothers/node_modules/winston-transport/node_modules/readable-stream/lib/_stream_writable.js:390:139)
[error] 
[error] Error: An unexpected error has occurred.
[debug] [2026-10-02T17:47:21.337Z] Error: write EPIPE
    at afterWriteDispatched (node:internal/stream_base_commons:159:15)
    at writeGeneric (node:internal/stream_base_commons:150:3)
    at Socket._writeGeneric (node:net:1025:11)
    at Socket._write (node:net:1037:8)
    at writeOrBuffer (node:internal/streams/writable:570:12)
    at _write (node:internal/streams/writable:499:10)
    at Writable.write (node:internal/streams/writable:508:10)
    at Console.log (/Users/hasan/WorkStation/bji-dawati-brothers/node_modules/winston/lib/winston/transports/console.js:87:23)
    at Console._write (/Users/hasan/WorkStation/bji-dawati-brothers/node_modules/winston-transport/modern.js:103:17)
    at doWrite (/Users/hasan/WorkStation/bji-dawati-brothers/node_modules/winston-transport/node_modules/readable-stream/lib/_stream_writable.js:390:139)
[error] 
[error] Error: An unexpected error has occurred.
[debug] [2026-10-02T17:47:21.337Z] Error: write EPIPE
    at afterWriteDispatched (node:internal/stream_base_commons:159:15)
    at writeGeneric (node:internal/stream_base_commons:150:3)
    at Socket._writeGeneric (node:net:1025:11)
    at Socket._write (node:net:1037:8)
    at writeOrBuffer (node:internal/streams/writable:570:12)
    at _write (node:internal/streams/writable:499:10)
    at Writable.write (node:internal/streams/writable:508:10)
    at Console.log (/Users/hasan/WorkStation/bji-dawati-brothers/node_modules/winston/lib/winston/transports/console.js:87:23)
    at Console._write (/Users/hasan/WorkStation/bji-dawati-brothers/node_modules/winston-transport/modern.js:103:17)
    at doWrite (/Users/hasan/WorkStation/bji-dawati-brothers/node_modules/winston-transport/node_modules/readable-stream/lib/_stream_writable.js:390:139)
[error] 
[error] Error: An unexpected error has occurred.
[debug] [2026-10-02T17:47:21.338Z] Error: write EPIPE
    at afterWriteDispatched (node:internal/stream_base_commons:159:15)
    at writeGeneric (node:internal/stream_base_commons:150:3)
    at Socket._writeGeneric (node:net:1025:11)
    at Socket._write (node:net:1037:8)
    at writeOrBuffer (node:internal/streams/writable:570:12)
    at _write (node:internal/streams/writable:499:10)
    at Writable.write (node:internal/streams/writable:508:10)
    at Console.log (/Users/hasan/WorkStation/bji-dawati-brothers/node_modules/winston/lib/winston/transports/console.js:87:23)
    at Console._write (/Users/hasan/WorkStation/bji-dawati-brothers/node_modules/winston-transport/modern.js:103:17)
    at doWrite (/Users/hasan/WorkStation/bji-dawati-brothers/node_modules/winston-transport/node_modules/readable-stream/lib/_stream_writable.js:390:139)
[error] 
[error] Error: An unexpected error has occurred.
[debug] [2026-10-02T17:47:21.338Z] Error: write EPIPE
    at afterWriteDispatched (node:internal/stream_base_commons:159:15)
    at writeGeneric (node:internal/stream_base_commons:150:3)
    at Socket._writeGeneric (node:net:1025:11)
    at Socket._write (node:net:1037:8)
    at writeOrBuffer (node:internal/streams/writable:570:12)
    at _write (node:internal/streams/writable:499:10)
    at Writable.write (node:internal/streams/writable:508:10)
    at Console.log (/Users/hasan/WorkStation/bji-dawati-brothers/node_modules/winston/lib/winston/transports/console.js:87:23)
    at Console._write (/Users/hasan/WorkStation/bji-dawati-brothers/node_modules/winston-transport/modern.js:103:17)
    at doWrite (/Users/hasan/WorkStation/bji-dawati-brothers/node_modules/winston-transport/node_modules/readable-stream/lib/_stream_writable.js:390:139)
[error] 
[error] Error: An unexpected error has occurred.
[debug] [2026-10-02T17:47:21.338Z] Error: write EPIPE
    at afterWriteDispatched (node:internal/stream_base_commons:159:15)
    at writeGeneric (node:internal/stream_base_commons:150:3)
    at Socket._writeGeneric (node:net:1025:11)
    at Socket._write (node:net:1037:8)
    at writeOrBuffer (node:internal/streams/writable:570:12)
    at _write (node:internal/streams/writable:499:10)
    at Writable.write (node:internal/streams/writable:508:10)
    at Console.log (/Users/hasan/WorkStation/bji-dawati-brothers/node_modules/winston/lib/winston/transports/console.js:87:23)
    at Console._write (/Users/hasan/WorkStation/bji-dawati-brothers/node_modules/winston-transport/modern.js:103:17)
    at doWrite (/Users/hasan/WorkStation/bji-dawati-brothers/node_modules/winston-transport/node_modules/readable-stream/lib/_stream_writable.js:390:139)
[error] 
[error] Error: An unexpected error has occurred.
[debug] [2026-10-02T17:47:21.338Z] Error: write EPIPE
    at afterWriteDispatched (node:internal/stream_base_commons:159:15)
    at writeGeneric (node:internal/stream_base_commons:150:3)
    at Socket._writeGeneric (node:net:1025:11)
    at Socket._write (node:net:1037:8)
    at writeOrBuffer (node:internal/streams/writable:570:12)
    at _write (node:internal/streams/writable:499:10)
    at Writable.write (node:internal/streams/writable:508:10)
    at Console.log (/Users/hasan/WorkStation/bji-dawati-brothers/node_modules/winston/lib/winston/transports/console.js:87:23)
    at Console._write (/Users/hasan/WorkStation/bji-dawati-brothers/node_modules/winston-transport/modern.js:103:17)
    at doWrite (/Users/hasan/WorkStation/bji-dawati-brothers/node_modules/winston-transport/node_modules/readable-stream/lib/_stream_writable.js:390:139)
[error] 
[error] Error: An unexpected error has occurred.
[debug] [2026-10-02T17:47:21.338Z] Error: write EPIPE
    at afterWriteDispatched (node:internal/stream_base_commons:159:15)
    at writeGeneric (node:internal/stream_base_commons:150:3)
    at Socket._writeGeneric (node:net:1025:11)
    at Socket._write (node:net:1037:8)
    at writeOrBuffer (node:internal/streams/writable:570:12)
    at _write (node:internal/streams/writable:499:10)
    at Writable.write (node:internal/streams/writable:508:10)
    at Console.log (/Users/hasan/WorkStation/bji-dawati-brothers/node_modules/winston/lib/winston/transports/console.js:87:23)
    at Console._write (/Users/hasan/WorkStation/bji-dawati-brothers/node_modules/winston-transport/modern.js:103:17)
    at doWrite (/Users/hasan/WorkStation/bji-dawati-brothers/node_modules/winston-transport/node_modules/readable-stream/lib/_stream_writable.js:390:139)
[error] 
[error] Error: An unexpected error has occurred.
[debug] [2026-10-02T17:47:21.338Z] Error: write EPIPE
    at afterWriteDispatched (node:internal/stream_base_commons:159:15)
    at writeGeneric (node:internal/stream_base_commons:150:3)
    at Socket._writeGeneric (node:net:1025:11)
    at Socket._write (node:net:1037:8)
    at writeOrBuffer (node:internal/streams/writable:570:12)
    at _write (node:internal/streams/writable:499:10)
    at Writable.write (node:internal/streams/writable:508:10)
    at Console.log (/Users/hasan/WorkStation/bji-dawati-brothers/node_modules/winston/lib/winston/transports/console.js:87:23)
    at Console._write (/Users/hasan/WorkStation/bji-dawati-brothers/node_modules/winston-transport/modern.js:103:17)
    at doWrite (/Users/hasan/WorkStation/bji-dawati-brothers/node_modules/winston-transport/node_modules/readable-stream/lib/_stream_writable.js:390:139)
[error] 
[error] Error: An unexpected error has occurred.
[debug] [2026-10-02T17:47:21.338Z] Error: write EPIPE
    at afterWriteDispatched (node:internal/stream_base_commons:159:15)
    at writeGeneric (node:internal/stream_base_commons:150:3)
    at Socket._writeGeneric (node:net:1025:11)
    at Socket._write (node:net:1037:8)
    at writeOrBuffer (node:internal/streams/writable:570:12)
    at _write (node:internal/streams/writable:499:10)
    at Writable.write (node:internal/streams/writable:508:10)
    at Console.log (/Users/hasan/WorkStation/bji-dawati-brothers/node_modules/winston/lib/winston/transports/console.js:87:23)
    at Console._write (/Users/hasan/WorkStation/bji-dawati-brothers/node_modules/winston-transport/modern.js:103:17)
    at doWrite (/Users/hasan/WorkStation/bji-dawati-brothers/node_modules/winston-transport/node_modules/readable-stream/lib/_stream_writable.js:390:139)
[error] 
[error] Error: An unexpected error has occurred.
[debug] [2026-10-02T17:47:21.339Z] Error: write EPIPE
    at afterWriteDispatched (node:internal/stream_base_commons:159:15)
    at writeGeneric (node:internal/stream_base_commons:150:3)
    at Socket._writeGeneric (node:net:1025:11)
    at Socket._write (node:net:1037:8)
    at writeOrBuffer (node:internal/streams/writable:570:12)
    at _write (node:internal/streams/writable:499:10)
    at Writable.write (node:internal/streams/writable:508:10)
    at Console.log (/Users/hasan/WorkStation/bji-dawati-brothers/node_modules/winston/lib/winston/transports/console.js:87:23)
    at Console._write (/Users/hasan/WorkStation/bji-dawati-brothers/node_modules/winston-transport/modern.js:103:17)
    at doWrite (/Users/hasan/WorkStation/bji-dawati-brothers/node_modules/winston-transport/node_modules/readable-stream/lib/_stream_writable.js:390:139)
[error] 
[error] Error: An unexpected error has occurred.
[debug] [2026-10-02T17:47:21.339Z] Error: write EPIPE
    at afterWriteDispatched (node:internal/stream_base_commons:159:15)
    at writeGeneric (node:internal/stream_base_commons:150:3)
    at Socket._writeGeneric (node:net:1025:11)
    at Socket._write (node:net:1037:8)
    at writeOrBuffer (node:internal/streams/writable:570:12)
    at _write (node:internal/streams/writable:499:10)
    at Writable.write (node:internal/streams/writable:508:10)
    at Console.log (/Users/hasan/WorkStation/bji-dawati-brothers/node_modules/winston/lib/winston/transports/console.js:87:23)
    at Console._write (/Users/hasan/WorkStation/bji-dawati-brothers/node_modules/winston-transport/modern.js:103:17)
    at doWrite (/Users/hasan/WorkStation/bji-dawati-brothers/node_modules/winston-transport/node_modules/readable-stream/lib/_stream_writable.js:390:139)
[error] 
[error] Error: An unexpected error has occurred.
[debug] [2026-10-02T17:47:21.339Z] Error: write EPIPE
    at afterWriteDispatched (node:internal/stream_base_commons:159:15)
    at writeGeneric (node:internal/stream_base_commons:150:3)
    at Socket._writeGeneric (node:net:1025:11)
    at Socket._write (node:net:1037:8)
    at writeOrBuffer (node:internal/streams/writable:570:12)
    at _write (node:internal/streams/writable:499:10)
    at Writable.write (node:internal/streams/writable:508:10)
    at Console.log (/Users/hasan/WorkStation/bji-dawati-brothers/node_modules/winston/lib/winston/transports/console.js:87:23)
    at Console._write (/Users/hasan/WorkStation/bji-dawati-brothers/node_modules/winston-transport/modern.js:103:17)
    at doWrite (/Users/hasan/WorkStation/bji-dawati-brothers/node_modules/winston-transport/node_modules/readable-stream/lib/_stream_writable.js:390:139)
[error] 
[error] Error: An unexpected error has occurred.
[info] i  emulators: Shutting down emulators. {"metadata":{"emulator":{"name":"hub"},"message":"Shutting down emulators."}}
[info] i  ui: Stopping Emulator UI {"metadata":{"emulator":{"name":"ui"},"message":"Stopping Emulator UI"}}
[info] i  database: Stopping Database Emulator {"metadata":{"emulator":{"name":"database"},"message":"Stopping Database Emulator"}}
[debug] [2026-10-02T17:47:21.367Z] Error: write EPIPE
    at afterWriteDispatched (node:internal/stream_base_commons:159:15)
    at writeGeneric (node:internal/stream_base_commons:150:3)
    at Socket._writeGeneric (node:net:1025:11)
    at Socket._write (node:net:1037:8)
    at writeOrBuffer (node:internal/streams/writable:570:12)
    at _write (node:internal/streams/writable:499:10)
    at Writable.write (node:internal/streams/writable:508:10)
    at Console.log (/Users/hasan/WorkStation/bji-dawati-brothers/node_modules/winston/lib/winston/transports/console.js:87:23)
    at Console._write (/Users/hasan/WorkStation/bji-dawati-brothers/node_modules/winston-transport/modern.js:103:17)
    at doWrite (/Users/hasan/WorkStation/bji-dawati-brothers/node_modules/winston-transport/node_modules/readable-stream/lib/_stream_writable.js:390:139)
[error] 
[error] Error: An unexpected error has occurred.
[debug] [2026-10-02T17:47:21.370Z] Error: write EPIPE
    at afterWriteDispatched (node:internal/stream_base_commons:159:15)
    at writeGeneric (node:internal/stream_base_commons:150:3)
    at Socket._writeGeneric (node:net:1025:11)
    at Socket._write (node:net:1037:8)
    at writeOrBuffer (node:internal/streams/writable:570:12)
    at _write (node:internal/streams/writable:499:10)
    at Writable.write (node:internal/streams/writable:508:10)
    at Console.log (/Users/hasan/WorkStation/bji-dawati-brothers/node_modules/winston/lib/winston/transports/console.js:87:23)
    at Console._write (/Users/hasan/WorkStation/bji-dawati-brothers/node_modules/winston-transport/modern.js:103:17)
    at doWrite (/Users/hasan/WorkStation/bji-dawati-brothers/node_modules/winston-transport/node_modules/readable-stream/lib/_stream_writable.js:390:139)
[error] 
[error] Error: An unexpected error has occurred.
[debug] [2026-10-02T17:47:21.371Z] Error: write EPIPE
    at afterWriteDispatched (node:internal/stream_base_commons:159:15)
    at writeGeneric (node:internal/stream_base_commons:150:3)
    at Socket._writeGeneric (node:net:1025:11)
    at Socket._write (node:net:1037:8)
    at writeOrBuffer (node:internal/streams/writable:570:12)
    at _write (node:internal/streams/writable:499:10)
    at Writable.write (node:internal/streams/writable:508:10)
    at Console.log (/Users/hasan/WorkStation/bji-dawati-brothers/node_modules/winston/lib/winston/transports/console.js:87:23)
    at Console._write (/Users/hasan/WorkStation/bji-dawati-brothers/node_modules/winston-transport/modern.js:103:17)
    at doWrite (/Users/hasan/WorkStation/bji-dawati-brothers/node_modules/winston-transport/node_modules/readable-stream/lib/_stream_writable.js:390:139)
[error] 
[error] Error: An unexpected error has occurred.
[debug] [2026-10-02T17:47:21.371Z] Error: write EPIPE
    at afterWriteDispatched (node:internal/stream_base_commons:159:15)
    at writeGeneric (node:internal/stream_base_commons:150:3)
    at Socket._writeGeneric (node:net:1025:11)
    at Socket._write (node:net:1037:8)
    at writeOrBuffer (node:internal/streams/writable:570:12)
    at _write (node:internal/streams/writable:499:10)
    at Writable.write (node:internal/streams/writable:508:10)
    at Console.log (/Users/hasan/WorkStation/bji-dawati-brothers/node_modules/winston/lib/winston/transports/console.js:87:23)
    at Console._write (/Users/hasan/WorkStation/bji-dawati-brothers/node_modules/winston-transport/modern.js:103:17)
    at doWrite (/Users/hasan/WorkStation/bji-dawati-brothers/node_modules/winston-transport/node_modules/readable-stream/lib/_stream_writable.js:390:139)
[error] 
[error] Error: An unexpected error has occurred.
[debug] [2026-10-02T17:47:21.371Z] Error: write EPIPE
    at afterWriteDispatched (node:internal/stream_base_commons:159:15)
    at writeGeneric (node:internal/stream_base_commons:150:3)
    at Socket._writeGeneric (node:net:1025:11)
    at Socket._write (node:net:1037:8)
    at writeOrBuffer (node:internal/streams/writable:570:12)
    at _write (node:internal/streams/writable:499:10)
    at Writable.write (node:internal/streams/writable:508:10)
    at Console.log (/Users/hasan/WorkStation/bji-dawati-brothers/node_modules/winston/lib/winston/transports/console.js:87:23)
    at Console._write (/Users/hasan/WorkStation/bji-dawati-brothers/node_modules/winston-transport/modern.js:103:17)
    at doWrite (/Users/hasan/WorkStation/bji-dawati-brothers/node_modules/winston-transport/node_modules/readable-stream/lib/_stream_writable.js:390:139)
[error] 
[error] Error: An unexpected error has occurred.
[debug] [2026-10-02T17:47:21.371Z] Error: write EPIPE
    at afterWriteDispatched (node:internal/stream_base_commons:159:15)
    at writeGeneric (node:internal/stream_base_commons:150:3)
    at Socket._writeGeneric (node:net:1025:11)
    at Socket._write (node:net:1037:8)
    at writeOrBuffer (node:internal/streams/writable:570:12)
    at _write (node:internal/streams/writable:499:10)
    at Writable.write (node:internal/streams/writable:508:10)
    at Console.log (/Users/hasan/WorkStation/bji-dawati-brothers/node_modules/winston/lib/winston/transports/console.js:87:23)
    at Console._write (/Users/hasan/WorkStation/bji-dawati-brothers/node_modules/winston-transport/modern.js:103:17)
    at doWrite (/Users/hasan/WorkStation/bji-dawati-brothers/node_modules/winston-transport/node_modules/readable-stream/lib/_stream_writable.js:390:139)
[error] 
[error] Error: An unexpected error has occurred.
[debug] [2026-10-02T17:47:21.371Z] Error: write EPIPE
    at afterWriteDispatched (node:internal/stream_base_commons:159:15)
    at writeGeneric (node:internal/stream_base_commons:150:3)
    at Socket._writeGeneric (node:net:1025:11)
    at Socket._write (node:net:1037:8)
    at writeOrBuffer (node:internal/streams/writable:570:12)
    at _write (node:internal/streams/writable:499:10)
    at Writable.write (node:internal/streams/writable:508:10)
    at Console.log (/Users/hasan/WorkStation/bji-dawati-brothers/node_modules/winston/lib/winston/transports/console.js:87:23)
    at Console._write (/Users/hasan/WorkStation/bji-dawati-brothers/node_modules/winston-transport/modern.js:103:17)
    at doWrite (/Users/hasan/WorkStation/bji-dawati-brothers/node_modules/winston-transport/node_modules/readable-stream/lib/_stream_writable.js:390:139)
[error] 
[error] Error: An unexpected error has occurred.
[debug] [2026-10-02T17:47:21.372Z] Error: write EPIPE
    at afterWriteDispatched (node:internal/stream_base_commons:159:15)
    at writeGeneric (node:internal/stream_base_commons:150:3)
    at Socket._writeGeneric (node:net:1025:11)
    at Socket._write (node:net:1037:8)
    at writeOrBuffer (node:internal/streams/writable:570:12)
    at _write (node:internal/streams/writable:499:10)
    at Writable.write (node:internal/streams/writable:508:10)
    at Console.log (/Users/hasan/WorkStation/bji-dawati-brothers/node_modules/winston/lib/winston/transports/console.js:87:23)
    at Console._write (/Users/hasan/WorkStation/bji-dawati-brothers/node_modules/winston-transport/modern.js:103:17)
    at doWrite (/Users/hasan/WorkStation/bji-dawati-brothers/node_modules/winston-transport/node_modules/readable-stream/lib/_stream_writable.js:390:139)
[error] 
[error] Error: An unexpected error has occurred.
[debug] [2026-10-02T17:47:21.372Z] Error: write EPIPE
    at afterWriteDispatched (node:internal/stream_base_commons:159:15)
    at writeGeneric (node:internal/stream_base_commons:150:3)
    at Socket._writeGeneric (node:net:1025:11)
    at Socket._write (node:net:1037:8)
    at writeOrBuffer (node:internal/streams/writable:570:12)
    at _write (node:internal/streams/writable:499:10)
    at Writable.write (node:internal/streams/writable:508:10)
    at Console.log (/Users/hasan/WorkStation/bji-dawati-brothers/node_modules/winston/lib/winston/transports/console.js:87:23)
    at Console._write (/Users/hasan/WorkStation/bji-dawati-brothers/node_modules/winston-transport/modern.js:103:17)
    at doWrite (/Users/hasan/WorkStation/bji-dawati-brothers/node_modules/winston-transport/node_modules/readable-stream/lib/_stream_writable.js:390:139)
[error] 
[error] Error: An unexpected error has occurred.
[debug] [2026-10-02T17:47:21.372Z] Error: write EPIPE
    at afterWriteDispatched (node:internal/stream_base_commons:159:15)
    at writeGeneric (node:internal/stream_base_commons:150:3)
    at Socket._writeGeneric (node:net:1025:11)
    at Socket._write (node:net:1037:8)
    at writeOrBuffer (node:internal/streams/writable:570:12)
    at _write (node:internal/streams/writable:499:10)
    at Writable.write (node:internal/streams/writable:508:10)
    at Console.log (/Users/hasan/WorkStation/bji-dawati-brothers/node_modules/winston/lib/winston/transports/console.js:87:23)
    at Console._write (/Users/hasan/WorkStation/bji-dawati-brothers/node_modules/winston-transport/modern.js:103:17)
    at doWrite (/Users/hasan/WorkStation/bji-dawati-brothers/node_modules/winston-transport/node_modules/readable-stream/lib/_stream_writable.js:390:139)
[error] 
[error] Error: An unexpected error has occurred.
[debug] [2026-10-02T17:47:21.372Z] Error: write EPIPE
    at afterWriteDispatched (node:internal/stream_base_commons:159:15)
    at writeGeneric (node:internal/stream_base_commons:150:3)
    at Socket._writeGeneric (node:net:1025:11)
    at Socket._write (node:net:1037:8)
    at writeOrBuffer (node:internal/streams/writable:570:12)
    at _write (node:internal/streams/writable:499:10)
    at Writable.write (node:internal/streams/writable:508:10)
    at Console.log (/Users/hasan/WorkStation/bji-dawati-brothers/node_modules/winston/lib/winston/transports/console.js:87:23)
    at Console._write (/Users/hasan/WorkStation/bji-dawati-brothers/node_modules/winston-transport/modern.js:103:17)
    at doWrite (/Users/hasan/WorkStation/bji-dawati-brothers/node_modules/winston-transport/node_modules/readable-stream/lib/_stream_writable.js:390:139)
[error] 
[error] Error: An unexpected error has occurred.
[debug] [2026-10-02T17:47:21.372Z] Error: write EPIPE
    at afterWriteDispatched (node:internal/stream_base_commons:159:15)
    at writeGeneric (node:internal/stream_base_commons:150:3)
    at Socket._writeGeneric (node:net:1025:11)
    at Socket._write (node:net:1037:8)
    at writeOrBuffer (node:internal/streams/writable:570:12)
    at _write (node:internal/streams/writable:499:10)
    at Writable.write (node:internal/streams/writable:508:10)
    at Console.log (/Users/hasan/WorkStation/bji-dawati-brothers/node_modules/winston/lib/winston/transports/console.js:87:23)
    at Console._write (/Users/hasan/WorkStation/bji-dawati-brothers/node_modules/winston-transport/modern.js:103:17)
    at doWrite (/Users/hasan/WorkStation/bji-dawati-brothers/node_modules/winston-transport/node_modules/readable-stream/lib/_stream_writable.js:390:139)
[error] 
[error] Error: An unexpected error has occurred.
[debug] [2026-10-02T17:47:21.372Z] Error: write EPIPE
    at afterWriteDispatched (node:internal/stream_base_commons:159:15)
    at writeGeneric (node:internal/stream_base_commons:150:3)
    at Socket._writeGeneric (node:net:1025:11)
    at Socket._write (node:net:1037:8)
    at writeOrBuffer (node:internal/streams/writable:570:12)
    at _write (node:internal/streams/writable:499:10)
    at Writable.write (node:internal/streams/writable:508:10)
    at Console.log (/Users/hasan/WorkStation/bji-dawati-brothers/node_modules/winston/lib/winston/transports/console.js:87:23)
    at Console._write (/Users/hasan/WorkStation/bji-dawati-brothers/node_modules/winston-transport/modern.js:103:17)
    at doWrite (/Users/hasan/WorkStation/bji-dawati-brothers/node_modules/winston-transport/node_modules/readable-stream/lib/_stream_writable.js:390:139)
[error] 
[error] Error: An unexpected error has occurred.
[debug] [2026-10-02T17:47:21.373Z] Error: write EPIPE
    at afterWriteDispatched (node:internal/stream_base_commons:159:15)
    at writeGeneric (node:internal/stream_base_commons:150:3)
    at Socket._writeGeneric (node:net:1025:11)
    at Socket._write (node:net:1037:8)
    at writeOrBuffer (node:internal/streams/writable:570:12)
    at _write (node:internal/streams/writable:499:10)
    at Writable.write (node:internal/streams/writable:508:10)
    at Console.log (/Users/hasan/WorkStation/bji-dawati-brothers/node_modules/winston/lib/winston/transports/console.js:87:23)
    at Console._write (/Users/hasan/WorkStation/bji-dawati-brothers/node_modules/winston-transport/modern.js:103:17)
    at doWrite (/Users/hasan/WorkStation/bji-dawati-brothers/node_modules/winston-transport/node_modules/readable-stream/lib/_stream_writable.js:390:139)
[error] 
[error] Error: An unexpected error has occurred.
[debug] [2026-10-02T17:47:21.373Z] Error: write EPIPE
    at afterWriteDispatched (node:internal/stream_base_commons:159:15)
    at writeGeneric (node:internal/stream_base_commons:150:3)
    at Socket._writeGeneric (node:net:1025:11)
    at Socket._write (node:net:1037:8)
    at writeOrBuffer (node:internal/streams/writable:570:12)
    at _write (node:internal/streams/writable:499:10)
    at Writable.write (node:internal/streams/writable:508:10)
    at Console.log (/Users/hasan/WorkStation/bji-dawati-brothers/node_modules/winston/lib/winston/transports/console.js:87:23)
    at Console._write (/Users/hasan/WorkStation/bji-dawati-brothers/node_modules/winston-transport/modern.js:103:17)
    at doWrite (/Users/hasan/WorkStation/bji-dawati-brothers/node_modules/winston-transport/node_modules/readable-stream/lib/_stream_writable.js:390:139)
[error] 
[error] Error: An unexpected error has occurred.
[debug] [2026-10-02T17:47:21.373Z] Error: write EPIPE
    at afterWriteDispatched (node:internal/stream_base_commons:159:15)
    at writeGeneric (node:internal/stream_base_commons:150:3)
    at Socket._writeGeneric (node:net:1025:11)
    at Socket._write (node:net:1037:8)
    at writeOrBuffer (node:internal/streams/writable:570:12)
    at _write (node:internal/streams/writable:499:10)
    at Writable.write (node:internal/streams/writable:508:10)
    at Console.log (/Users/hasan/WorkStation/bji-dawati-brothers/node_modules/winston/lib/winston/transports/console.js:87:23)
    at Console._write (/Users/hasan/WorkStation/bji-dawati-brothers/node_modules/winston-transport/modern.js:103:17)
    at doWrite (/Users/hasan/WorkStation/bji-dawati-brothers/node_modules/winston-transport/node_modules/readable-stream/lib/_stream_writable.js:390:139)
[error] 
[error] Error: An unexpected error has occurred.
[debug] [2026-10-02T17:47:21.373Z] Error: write EPIPE
    at afterWriteDispatched (node:internal/stream_base_commons:159:15)
    at writeGeneric (node:internal/stream_base_commons:150:3)
    at Socket._writeGeneric (node:net:1025:11)
    at Socket._write (node:net:1037:8)
    at writeOrBuffer (node:internal/streams/writable:570:12)
    at _write (node:internal/streams/writable:499:10)
    at Writable.write (node:internal/streams/writable:508:10)
    at Console.log (/Users/hasan/WorkStation/bji-dawati-brothers/node_modules/winston/lib/winston/transports/console.js:87:23)
    at Console._write (/Users/hasan/WorkStation/bji-dawati-brothers/node_modules/winston-transport/modern.js:103:17)
    at doWrite (/Users/hasan/WorkStation/bji-dawati-brothers/node_modules/winston-transport/node_modules/readable-stream/lib/_stream_writable.js:390:139)
[error] 
[error] Error: An unexpected error has occurred.
[debug] [2026-10-02T17:47:21.373Z] Error: write EPIPE
    at afterWriteDispatched (node:internal/stream_base_commons:159:15)
    at writeGeneric (node:internal/stream_base_commons:150:3)
    at Socket._writeGeneric (node:net:1025:11)
    at Socket._write (node:net:1037:8)
    at writeOrBuffer (node:internal/streams/writable:570:12)
    at _write (node:internal/streams/writable:499:10)
    at Writable.write (node:internal/streams/writable:508:10)
    at Console.log (/Users/hasan/WorkStation/bji-dawati-brothers/node_modules/winston/lib/winston/transports/console.js:87:23)
    at Console._write (/Users/hasan/WorkStation/bji-dawati-brothers/node_modules/winston-transport/modern.js:103:17)
    at doWrite (/Users/hasan/WorkStation/bji-dawati-brothers/node_modules/winston-transport/node_modules/readable-stream/lib/_stream_writable.js:390:139)
[error] 
[error] Error: An unexpected error has occurred.
[debug] [2026-10-02T17:47:21.373Z] Error: write EPIPE
    at afterWriteDispatched (node:internal/stream_base_commons:159:15)
    at writeGeneric (node:internal/stream_base_commons:150:3)
    at Socket._writeGeneric (node:net:1025:11)
    at Socket._write (node:net:1037:8)
    at writeOrBuffer (node:internal/streams/writable:570:12)
    at _write (node:internal/streams/writable:499:10)
    at Writable.write (node:internal/streams/writable:508:10)
    at Console.log (/Users/hasan/WorkStation/bji-dawati-brothers/node_modules/winston/lib/winston/transports/console.js:87:23)
    at Console._write (/Users/hasan/WorkStation/bji-dawati-brothers/node_modules/winston-transport/modern.js:103:17)
    at doWrite (/Users/hasan/WorkStation/bji-dawati-brothers/node_modules/winston-transport/node_modules/readable-stream/lib/_stream_writable.js:390:139)
[error] 
[error] Error: An unexpected error has occurred.
[debug] [2026-10-02T17:47:21.373Z] Error: write EPIPE
    at afterWriteDispatched (node:internal/stream_base_commons:159:15)
    at writeGeneric (node:internal/stream_base_commons:150:3)
    at Socket._writeGeneric (node:net:1025:11)
    at Socket._write (node:net:1037:8)
    at writeOrBuffer (node:internal/streams/writable:570:12)
    at _write (node:internal/streams/writable:499:10)
    at Writable.write (node:internal/streams/writable:508:10)
    at Console.log (/Users/hasan/WorkStation/bji-dawati-brothers/node_modules/winston/lib/winston/transports/console.js:87:23)
    at Console._write (/Users/hasan/WorkStation/bji-dawati-brothers/node_modules/winston-transport/modern.js:103:17)
    at doWrite (/Users/hasan/WorkStation/bji-dawati-brothers/node_modules/winston-transport/node_modules/readable-stream/lib/_stream_writable.js:390:139)
[error] 
[error] Error: An unexpected error has occurred.
[debug] [2026-10-02T17:47:21.374Z] Error: write EPIPE
    at afterWriteDispatched (node:internal/stream_base_commons:159:15)
    at writeGeneric (node:internal/stream_base_commons:150:3)
    at Socket._writeGeneric (node:net:1025:11)
    at Socket._write (node:net:1037:8)
    at writeOrBuffer (node:internal/streams/writable:570:12)
    at _write (node:internal/streams/writable:499:10)
    at Writable.write (node:internal/streams/writable:508:10)
    at Console.log (/Users/hasan/WorkStation/bji-dawati-brothers/node_modules/winston/lib/winston/transports/console.js:87:23)
    at Console._write (/Users/hasan/WorkStation/bji-dawati-brothers/node_modules/winston-transport/modern.js:103:17)
    at doWrite (/Users/hasan/WorkStation/bji-dawati-brothers/node_modules/winston-transport/node_modules/readable-stream/lib/_stream_writable.js:390:139)
[error] 
[error] Error: An unexpected error has occurred.
[debug] [2026-10-02T17:47:21.374Z] Error: write EPIPE
    at afterWriteDispatched (node:internal/stream_base_commons:159:15)
    at writeGeneric (node:internal/stream_base_commons:150:3)
    at Socket._writeGeneric (node:net:1025:11)
    at Socket._write (node:net:1037:8)
    at writeOrBuffer (node:internal/streams/writable:570:12)
    at _write (node:internal/streams/writable:499:10)
    at Writable.write (node:internal/streams/writable:508:10)
    at Console.log (/Users/hasan/WorkStation/bji-dawati-brothers/node_modules/winston/lib/winston/transports/console.js:87:23)
    at Console._write (/Users/hasan/WorkStation/bji-dawati-brothers/node_modules/winston-transport/modern.js:103:17)
    at doWrite (/Users/hasan/WorkStation/bji-dawati-brothers/node_modules/winston-transport/node_modules/readable-stream/lib/_stream_writable.js:390:139)
[error] 
[error] Error: An unexpected error has occurred.
[debug] [2026-10-02T17:47:21.374Z] Error: write EPIPE
    at afterWriteDispatched (node:internal/stream_base_commons:159:15)
    at writeGeneric (node:internal/stream_base_commons:150:3)
    at Socket._writeGeneric (node:net:1025:11)
    at Socket._write (node:net:1037:8)
    at writeOrBuffer (node:internal/streams/writable:570:12)
    at _write (node:internal/streams/writable:499:10)
    at Writable.write (node:internal/streams/writable:508:10)
    at Console.log (/Users/hasan/WorkStation/bji-dawati-brothers/node_modules/winston/lib/winston/transports/console.js:87:23)
    at Console._write (/Users/hasan/WorkStation/bji-dawati-brothers/node_modules/winston-transport/modern.js:103:17)
    at doWrite (/Users/hasan/WorkStation/bji-dawati-brothers/node_modules/winston-transport/node_modules/readable-stream/lib/_stream_writable.js:390:139)
[error] 
[error] Error: An unexpected error has occurred.
[debug] [2026-10-02T17:47:21.374Z] Error: write EPIPE
    at afterWriteDispatched (node:internal/stream_base_commons:159:15)
    at writeGeneric (node:internal/stream_base_commons:150:3)
    at Socket._writeGeneric (node:net:1025:11)
    at Socket._write (node:net:1037:8)
    at writeOrBuffer (node:internal/streams/writable:570:12)
    at _write (node:internal/streams/writable:499:10)
    at Writable.write (node:internal/streams/writable:508:10)
    at Console.log (/Users/hasan/WorkStation/bji-dawati-brothers/node_modules/winston/lib/winston/transports/console.js:87:23)
    at Console._write (/Users/hasan/WorkStation/bji-dawati-brothers/node_modules/winston-transport/modern.js:103:17)
    at doWrite (/Users/hasan/WorkStation/bji-dawati-brothers/node_modules/winston-transport/node_modules/readable-stream/lib/_stream_writable.js:390:139)
[error] 
[error] Error: An unexpected error has occurred.
[debug] [2026-10-02T17:47:21.374Z] Error: write EPIPE
    at afterWriteDispatched (node:internal/stream_base_commons:159:15)
    at writeGeneric (node:internal/stream_base_commons:150:3)
    at Socket._writeGeneric (node:net:1025:11)
    at Socket._write (node:net:1037:8)
    at writeOrBuffer (node:internal/streams/writable:570:12)
    at _write (node:internal/streams/writable:499:10)
    at Writable.write (node:internal/streams/writable:508:10)
    at Console.log (/Users/hasan/WorkStation/bji-dawati-brothers/node_modules/winston/lib/winston/transports/console.js:87:23)
    at Console._write (/Users/hasan/WorkStation/bji-dawati-brothers/node_modules/winston-transport/modern.js:103:17)
    at doWrite (/Users/hasan/WorkStation/bji-dawati-brothers/node_modules/winston-transport/node_modules/readable-stream/lib/_stream_writable.js:390:139)
[error] 
[error] Error: An unexpected error has occurred.
[debug] [2026-10-02T17:47:21.374Z] Error: write EPIPE
    at afterWriteDispatched (node:internal/stream_base_commons:159:15)
    at writeGeneric (node:internal/stream_base_commons:150:3)
    at Socket._writeGeneric (node:net:1025:11)
    at Socket._write (node:net:1037:8)
    at writeOrBuffer (node:internal/streams/writable:570:12)
    at _write (node:internal/streams/writable:499:10)
    at Writable.write (node:internal/streams/writable:508:10)
    at Console.log (/Users/hasan/WorkStation/bji-dawati-brothers/node_modules/winston/lib/winston/transports/console.js:87:23)
    at Console._write (/Users/hasan/WorkStation/bji-dawati-brothers/node_modules/winston-transport/modern.js:103:17)
    at doWrite (/Users/hasan/WorkStation/bji-dawati-brothers/node_modules/winston-transport/node_modules/readable-stream/lib/_stream_writable.js:390:139)
[error] 
[error] Error: An unexpected error has occurred.
[debug] [2026-10-02T17:47:21.374Z] Error: write EPIPE
    at afterWriteDispatched (node:internal/stream_base_commons:159:15)
    at writeGeneric (node:internal/stream_base_commons:150:3)
    at Socket._writeGeneric (node:net:1025:11)
    at Socket._write (node:net:1037:8)
    at writeOrBuffer (node:internal/streams/writable:570:12)
    at _write (node:internal/streams/writable:499:10)
    at Writable.write (node:internal/streams/writable:508:10)
    at Console.log (/Users/hasan/WorkStation/bji-dawati-brothers/node_modules/winston/lib/winston/transports/console.js:87:23)
    at Console._write (/Users/hasan/WorkStation/bji-dawati-brothers/node_modules/winston-transport/modern.js:103:17)
    at doWrite (/Users/hasan/WorkStation/bji-dawati-brothers/node_modules/winston-transport/node_modules/readable-stream/lib/_stream_writable.js:390:139)
[error] 
[error] Error: An unexpected error has occurred.
[debug] [2026-10-02T17:47:21.374Z] Error: write EPIPE
    at afterWriteDispatched (node:internal/stream_base_commons:159:15)
    at writeGeneric (node:internal/stream_base_commons:150:3)
    at Socket._writeGeneric (node:net:1025:11)
    at Socket._write (node:net:1037:8)
    at writeOrBuffer (node:internal/streams/writable:570:12)
    at _write (node:internal/streams/writable:499:10)
    at Writable.write (node:internal/streams/writable:508:10)
    at Console.log (/Users/hasan/WorkStation/bji-dawati-brothers/node_modules/winston/lib/winston/transports/console.js:87:23)
    at Console._write (/Users/hasan/WorkStation/bji-dawati-brothers/node_modules/winston-transport/modern.js:103:17)
    at doWrite (/Users/hasan/WorkStation/bji-dawati-brothers/node_modules/winston-transport/node_modules/readable-stream/lib/_stream_writable.js:390:139)
[error] 
[error] Error: An unexpected error has occurred.
[debug] [2026-10-02T17:55:47.844Z] ----------------------------------------------------------------------
[debug] [2026-10-02T17:55:47.847Z] Command:       /opt/homebrew/Cellar/node/25.6.1_1/bin/node /Users/hasan/WorkStation/bji-dawati-brothers/node_modules/.bin/firebase emulators:start
[debug] [2026-10-02T17:55:47.847Z] CLI Version:   15.32.1
[debug] [2026-10-02T17:55:47.848Z] Platform:      darwin
[debug] [2026-10-02T17:55:47.848Z] Node Version:  v25.6.1
[debug] [2026-10-02T17:55:47.848Z] Detected Agent: antigravity
[debug] [2026-10-02T17:55:47.848Z] Time:          Fri Oct 02 2026 23:55:47 GMT+0600 (Bangladesh Standard Time)
[debug] [2026-10-02T17:55:47.848Z] ----------------------------------------------------------------------
[debug] 
[debug] [2026-10-02T17:55:49.712Z] openjdk version "26.0.1" 2026-04-21

[debug] [2026-10-02T17:55:49.713Z] OpenJDK Runtime Environment Homebrew (build 26.0.1)
OpenJDK 64-Bit Server VM Homebrew (build 26.0.1, mixed mode, sharing)

[debug] [2026-10-02T17:55:49.720Z] Parsed Java major version: 26
[info] i  emulators: Starting emulators: auth, database {"metadata":{"emulator":{"name":"hub"},"message":"Starting emulators: auth, database"}}
[info] i  emulators: Detected demo project ID "demo-project", emulated services will use a demo configuration and attempts to access non-emulated services for this project will fail. {"metadata":{"emulator":{"name":"hub"},"message":"Detected demo project ID \"demo-project\", emulated services will use a demo configuration and attempts to access non-emulated services for this project will fail."}}
[debug] [2026-10-02T17:55:49.982Z] [logging] Logging Emulator only supports listening on one address (127.0.0.1). Not listening on ::1
[debug] [2026-10-02T17:55:49.982Z] [auth] Authentication Emulator only supports listening on one address (127.0.0.1). Not listening on ::1
[debug] [2026-10-02T17:55:49.982Z] [database] Database Emulator only supports listening on one address (127.0.0.1). Not listening on ::1
[debug] [2026-10-02T17:55:49.982Z] assigned listening specs for emulators {"user":{"hub":[{"address":"127.0.0.1","family":"IPv4","port":4400},{"address":"::1","family":"IPv6","port":4400}],"ui":[{"address":"127.0.0.1","family":"IPv4","port":4000},{"address":"::1","family":"IPv6","port":4000}],"logging":[{"address":"127.0.0.1","family":"IPv4","port":4500}],"auth":[{"address":"127.0.0.1","family":"IPv4","port":9099}],"database":[{"address":"127.0.0.1","family":"IPv4","port":9000}]},"metadata":{"message":"assigned listening specs for emulators"}}
[debug] [2026-10-02T17:55:49.984Z] Write emulator hub locator at /var/folders/ws/v1qjk73d3ylctk9_5f1_jyg00000gn/T/hub-demo-project.json
[debug] [2026-10-02T17:55:49.999Z] Checked if tokens are valid: false, expires at: 1790928952718
[debug] [2026-10-02T17:55:49.999Z] Checked if tokens are valid: false, expires at: 1790928952718
[debug] [2026-10-02T17:55:49.999Z] > refreshing access token with scopes: []
[debug] [2026-10-02T17:55:50.001Z] >>> [apiv2][query] POST https://www.googleapis.com/oauth2/v3/token [none]
[debug] [2026-10-02T17:55:50.001Z] >>> [apiv2][body] POST https://www.googleapis.com/oauth2/v3/token [omitted]
[debug] [2026-10-02T17:55:50.310Z] <<< [apiv2][status] POST https://www.googleapis.com/oauth2/v3/token 200
[debug] [2026-10-02T17:55:50.311Z] <<< [apiv2][body] POST https://www.googleapis.com/oauth2/v3/token [omitted]
[debug] [2026-10-02T17:55:50.323Z] >>> [apiv2][query] GET https://firebase.googleapis.com/v1beta1/projects/demo-project [none]
[debug] [2026-10-02T17:55:51.067Z] <<< [apiv2][status] GET https://firebase.googleapis.com/v1beta1/projects/demo-project 403
[debug] [2026-10-02T17:55:51.067Z] <<< [apiv2][body] GET https://firebase.googleapis.com/v1beta1/projects/demo-project {"error":{"code":403,"message":"The caller does not have permission","status":"PERMISSION_DENIED"}}
[debug] [2026-10-02T17:55:51.068Z] Request to https://firebase.googleapis.com/v1beta1/projects/demo-project had HTTP Error: 403, The caller does not have permission
[debug] [2026-10-02T17:55:51.068Z] Failed to retrieve default database instance: Failed to get Firebase project demo-project. Please make sure the project exists and your account has permission to access it. {"metadata":{"emulator":{"name":"database"},"message":"Failed to retrieve default database instance: Failed to get Firebase project demo-project. Please make sure the project exists and your account has permission to access it."}}
[debug] [2026-10-02T17:55:51.068Z] database rules config:  []
[warn] ⚠  database: Did not find a Realtime Database rules file specified in a firebase.json config file. The emulator will default to allowing all reads and writes. Learn more about this option: https://firebase.google.com/docs/emulator-suite/install_and_configure#security_rules_configuration. {"metadata":{"emulator":{"name":"database"},"message":"Did not find a Realtime Database rules file specified in a firebase.json config file. The emulator will default to allowing all reads and writes. Learn more about this option: https://firebase.google.com/docs/emulator-suite/install_and_configure#security_rules_configuration."}}
[debug] [2026-10-02T17:55:51.070Z] Ignoring unsupported arg: projectId {"metadata":{"emulator":{"name":"database"},"message":"Ignoring unsupported arg: projectId"}}
[debug] [2026-10-02T17:55:51.071Z] Ignoring unsupported arg: auto_download {"metadata":{"emulator":{"name":"database"},"message":"Ignoring unsupported arg: auto_download"}}
[debug] [2026-10-02T17:55:51.071Z] Ignoring unsupported arg: rules {"metadata":{"emulator":{"name":"database"},"message":"Ignoring unsupported arg: rules"}}
[debug] [2026-10-02T17:55:51.071Z] Starting Database Emulator with command {"binary":"java","args":["-Duser.language=en","-jar","/Users/hasan/.cache/firebase/emulators/firebase-database-emulator-v4.11.2.jar","--host","127.0.0.1","--port",9000,"--single_project_mode","Warning"],"optionalArgs":["port","host","functions_emulator_port","functions_emulator_host","single_project_mode"],"joinArgs":false,"shell":false,"port":9000} {"metadata":{"emulator":{"name":"database"},"message":"Starting Database Emulator with command {\"binary\":\"java\",\"args\":[\"-Duser.language=en\",\"-jar\",\"/Users/hasan/.cache/firebase/emulators/firebase-database-emulator-v4.11.2.jar\",\"--host\",\"127.0.0.1\",\"--port\",9000,\"--single_project_mode\",\"Warning\"],\"optionalArgs\":[\"port\",\"host\",\"functions_emulator_port\",\"functions_emulator_host\",\"single_project_mode\"],\"joinArgs\":false,\"shell\":false,\"port\":9000}"}}
[info] i  database: Database Emulator logging to database-debug.log {"metadata":{"emulator":{"name":"database"},"message":"Database Emulator logging to database-debug.log"}}
[debug] [2026-10-02T17:55:53.129Z] WARNING: A terminally deprecated method in sun.misc.Unsafe has been called
WARNING: sun.misc.Unsafe::objectFieldOffset has been called by akka.util.Unsafe (file:/Users/hasan/.cache/firebase/emulators/firebase-database-emulator-v4.11.2.jar)
WARNING: Please consider reporting this to the maintainers of class akka.util.Unsafe
WARNING: sun.misc.Unsafe::objectFieldOffset will be removed in a future release
 {"metadata":{"emulator":{"name":"database"},"message":"WARNING: A terminally deprecated method in sun.misc.Unsafe has been called\nWARNING: sun.misc.Unsafe::objectFieldOffset has been called by akka.util.Unsafe (file:/Users/hasan/.cache/firebase/emulators/firebase-database-emulator-v4.11.2.jar)\nWARNING: Please consider reporting this to the maintainers of class akka.util.Unsafe\nWARNING: sun.misc.Unsafe::objectFieldOffset will be removed in a future release\n"}}
[debug] [2026-10-02T17:55:53.229Z] 23:55:53.227 [NamespaceSystem-akka.actor.default-dispatcher-4] INFO akka.event.slf4j.Slf4jLogger - Slf4jLogger started
 {"metadata":{"emulator":{"name":"database"},"message":"23:55:53.227 [NamespaceSystem-akka.actor.default-dispatcher-4] INFO akka.event.slf4j.Slf4jLogger - Slf4jLogger started\n"}}
[debug] [2026-10-02T17:55:53.361Z] 23:55:53.361 [main] INFO com.firebase.server.forge.App$ - Listening at 127.0.0.1:9000
 {"metadata":{"emulator":{"name":"database"},"message":"23:55:53.361 [main] INFO com.firebase.server.forge.App$ - Listening at 127.0.0.1:9000\n"}}
[debug] [2026-10-02T17:55:56.975Z] Could not find VSCode notification endpoint: TypeError: fetch failed. If you are not running the Firebase SQL Connect VSCode extension, this is expected and not an issue.
[info] 
┌─────────────────────────────────────────────────────────────┐
│ ✔  All emulators ready! It is now safe to connect your app. │
│ i  View Emulator UI at http://127.0.0.1:4000/               │
└─────────────────────────────────────────────────────────────┘

┌────────────────┬────────────────┬────────────────────────────────┐
│ Emulator       │ Host:Port      │ View in Emulator UI            │
├────────────────┼────────────────┼────────────────────────────────┤
│ Authentication │ 127.0.0.1:9099 │ http://127.0.0.1:4000/auth     │
├────────────────┼────────────────┼────────────────────────────────┤
│ Database       │ 127.0.0.1:9000 │ http://127.0.0.1:4000/database │
└────────────────┴────────────────┴────────────────────────────────┘
  Emulator Hub host: 127.0.0.1 port: 4400
  Other reserved ports: 4500

Issues? Report them at https://github.com/firebase/firebase-tools/issues and attach the *-debug.log files.
 
[debug] [2026-10-02T17:56:35.015Z] 23:56:35.013 [NamespaceSystem-akka.actor.default-dispatcher-4] INFO com.firebase.core.namespace.NamespaceActor - demo-project-default-rtdb successfully activated FBKV (SurveyIdle(0)) wait: 111ms, init: 0ms
 {"metadata":{"emulator":{"name":"database"},"message":"23:56:35.013 [NamespaceSystem-akka.actor.default-dispatcher-4] INFO com.firebase.core.namespace.NamespaceActor - demo-project-default-rtdb successfully activated FBKV (SurveyIdle(0)) wait: 111ms, init: 0ms\n"}}
